Title,Content,Category,Salary,Address,Tools,Other
商業資料分析師 Business Data Analyst,UrCosme (@cosme TAIWAN)是化妝品使用心得分享網站，集結大量美妝產業資訊及美妝愛好者的行為資料，而美妝行銷總研(CMRI)則運用此資料庫，以多元觀點進行消費者洞察分享，旨在提供美妝業界趨勢，本職缺內容如下： 1. 透過UrCosme網站資料庫進行資料分析與消費者洞察。 2. 定期舉辦seminar，對外分享美妝行銷總研(CMRI)產業趨勢。     (CMRI詳情可參閱：https://cmri.itrue.com.tw/),市場調查／市場分析、行銷企劃人員,待遇面議,台北市中正區南昌路二段81號3樓,Python、R,"1.具有統計相關知識，可運用方法論進行資料分析。2.具邏輯力、溝通能力，可獨立進行大型會議簡報。3.喜好美妝產業，熱愛從數據資料中找出具經濟效益的商業應用者尤佳。"
F 資料分析運用工程師,1.規劃以「數據驅動」為主之商業解決方案，跨部門業務合作，推動公司數據創新轉型 2.支援行相關單位資料分析需求之討論與實施建議  3.依據需求進行資料整理、資料市集與資料流程規劃與建置 4.運用資料分析技術與數據展現工具呈現分析結果,資料庫管理人員、電腦系統分析師、軟體相關專案管理師,待遇面議,台北市松山區敦化北路122號,不拘,"1.國內外大學(含以上)畢業，統計/應數/資工/資管相關科系尤佳2.具2年以上商業數據資料採集與處理分析實務經驗3.具保險或銀行產業工作經驗尤佳4.具需求訪談與需求分析能力5.具依據業務及技術需求設計Data Mart能力6.資料分析、結果展現、意義解讀、簡報能力7.具資料分析團隊領導管理經驗8.具專案管理能力9.個性主動積極、抗壓性高、溝通協調技巧佳10.對數據形成背後的原因具好奇心，並具數據運用推廣熱情"
資料分析工程師,工作內容  我們正在協助學生用最有效率的方法學習英文。透過 Data-Driven 的方式，我們可以一起翻轉傳統學英文的體驗。 如果您對於人的行為感興趣，對於教育科技充滿熱誠，歡迎與我們聯繫！  【工作內容】 1. 針對學生學習行為，及行銷業務相關問題進行分析。 2. 與團隊合作，建構資料分析統計模型，解決類型分類、預測等商業問題。 3. 將資料視覺化，產出分析報告或儀表板和簡報，協助營運決策。 4. 撰寫前端(JavaScript)、後端(PHP)程式將前項整理出的資料成果，以視覺化的方式呈現到單位後台。 5. 熟悉 Machine Learning、統計相關知識，可透過 Python 處理海量資料。  【工作條件】 1. 對海量行為資料有高度敏感性與高度熱情。 2. 具有充足程式設計能力與資料庫理解能力。 3. 能夠針對單位需求，提出可行性方案進行討論。 4. 能團隊合作且可獨立研究。 5. 具備資料視覺化呈現能力。 6. 喜歡從0到1打造產品的過程。   工作技能： 1.專案規劃執行 2.軟體工程 3.機器學習 4.資料分析 5.資料庫程式設計 6.前後端程式撰寫  【加分條件】 1.熟悉機器學習演算法。 2.熟悉自然語言處理(NLP)相關。 3.過去數據分析能力作品呈現。  ,演算法開發工程師、軟體設計工程師、電腦系統分析師,"23,100~100,000元",台北市信義區忠孝東路五段510號7樓,PHP、Python、MySQL、JavaScript,未填寫
資料分析師 (社群資料、人群資料),"本公司運用語意分析與雲端技術專長，推出全國規模最大的網路社群監測與分析平台《OpView社群口碑資料庫》及《PeopleView人群資料庫》，廣泛地應用在行銷廣告、公關客服、品牌及市場研究上，能夠在數億筆的雲端資料庫內，精確地分析網路上的口碑聲量，以及消費者和市場的樣貌，是數位行銷時代重要的工具，因此本公司招募想積極投身這波浪潮的人才一同加入。  工作內容： 70% 執行客戶的分析報告或提案，分析問題，進而提出策略方向 20% 經營客戶關係，協助解決問題 10% 分析客戶需求，歸納並參與規劃產品，提升服務  本工作無特定學經歷要求，歡迎對下列有經驗或有興趣的同仁加入 1.統計及研究方法論 2.各式分析工具或技術 (例如R, Python, Excel, SQL任一) 3.在企業及商業上的洞見詮釋",行銷企劃人員、市場調查／市場分析,"32,000~40,000元",台北市大安區信義路四段184號6樓,不拘,"1. 具簡報與報告製作能力，能以文書或圖像化表達2. 對資料分析有熱忱、喜歡定義問題並加以解答、喜歡接觸多元產業領域3. 若具以下經驗，歡迎加註於自我推薦信中，並提供相關資料- 行銷、廣告、公關、市場研究、資料分析等相關領域實務經驗- 實際應用統計或分析工具之經驗"
資料分析軟體設計工程師,"1.程式撰寫（e.g., R, Python, Node.js） 2.設計資料分析程式 3.開發資料分析程式  4.統計及大數據資料分析 5.金融投資數據分析 6.金融投資市場分析",軟體設計工程師、其他資訊專業人員,"35,000~45,000元",台北市大安區,Python、R、MS SQL、Node.js,"1.對對金融投資有興趣2.主動積極3.學習力強"
資料分析師(NC-痞客邦研發中心),作為大數據資料分析師，工作內容將會協同業務、廣告、商務、會員與內容等經營單位，從經營角度協助進行發掘改善經營的數據探索研究。  經驗證的研究結果將會協同 Research Team／Data Team 提供產品化的開發,電腦系統分析師、其他資訊專業人員,待遇面議,台北市中山區民生東路三段51號12樓,UNIX、Python,"基本條件：1.具統計學概念與研究應用的經驗。2.具使用R or Python進行統計運算的經驗。3.具高度協同作業，團隊合作的態度。 加分條件：1.具證明從數據中提供意義的見解的能力，而不僅僅是生成報告。2.具Excel樞紐分析能力。"
資料分析師,蝙蝠移動的核心服務是提供客戶專屬的私有化 DMP（Data Management Platform 數據分析管理平台）。和每個客戶一起建立真正屬於自己產業 domain-knowledge 的數據分析管理平台，從技術和商業策略兩個面向完整的走完這個 Data Journey~  蝙蝠移動公司官網： http://www.batmobile.com.tw  媒體報導： 1. https://www.inside.com.tw/2017/03/15/dmp 2. http://www.brain.com.tw/news/articlecontent?ID=44515&sort 3. http://www.brain.com.tw/news/articlecontent?ID=23162&sort=  1. 數據分析、挖掘、建模、模式評估等相關工作，並進行模型評估  2. 資料視覺化設計 3. 熟悉預測方法、發展推薦演算法、個人化演算法 4. 爬蟲程式開發，並進行文字探勘,演算法開發工程師、統計精算人員、市場調查／市場分析,待遇面議,台北市松山區民權東路三段144號13樓1521室,不拘,"加分條件 - 熟悉 NLP, Deep Learning- 熟悉 Python- 具Spark 及 GPU 運算優化經驗尤佳- DMP 操作經驗"
S-資料分析師(資訊部)-證券,1.資料建置、清理與管理2.使用者行為分析、解釋與預測，並撰寫分析報告(如投資行為、瀏覽行為)3.建立統計、計量或機器學習模型，提供Fintech 應用及協助決策4.金融科技專案規劃與執行,演算法開發工程師、其他資訊專業人員,待遇面議,台北市中正區重慶南路一段2號19樓,不拘,1.熟悉python、SQL、資料萃取、資料清理、資料分析2.擁有資料視覺化的技能
助理資料分析師,1. 此工作為三班輪班制，需配合輪班 2. 了解基本數據概念 3. 每日例行紀錄 4. 針對公司產業標的物做研究分析以達成公司獲利目標 5. 觀察市場動態並建議對應防範措施以達成風險控管之目的 6. 協助分析師進行專案研究 7. 完成管理階層所交代的其他任務,數學研究員、統計精算人員、金融交易員,"35,000~50,000元",台北市信義區基隆路一段,Excel、PowerPoint、Word,"1. 熟悉 Python 或 R 程式語言佳2. 對職業運動(NBA、MLB、Football 等)有興趣且持續關注3. 有金融背景或是風控背景者佳"
資料分析師.,永慶房產集團垂直整合三大事業群，10年成長25倍，歡迎具備邏輯思考、分析判斷及溝通能力的優秀人才加入我們，我們提供舒適的辦公環境，完整的升遷制度及教育訓練，更有資深同仁經驗分享，帶領新人熟悉工作，讓您可以在最優質完整的環境下全心投入與發展。【工作內容說明】1.客戶行為分析與研究2.行銷活動事前客群分析與事後效益追蹤3.資料採礦專案的應用推廣,市場調查／市場分析、統計學研究員,"35,000~40,000元",台北市大安區敦化南路二段77號,Excel、Outlook、PowerPoint、Word、SPSS,1.邏輯思考、分析判斷、溝通能力佳2.具統計分析能力3.具研究報告撰寫、簡報能力4.熟SPSS Modeler或SQL Server Data Mining工具者佳
聯強 資料分析工程師(亞太第一大資通訊通路集團),(2019菁英計劃)於集團總部負責亞太(台灣、大陸、香港、澳洲、紐西蘭…)營運系統之研發與管理， 運用營運大數據，打造聯強數位神經系統，提升營運智能。  對大數據資料處理及分析有興趣者 1.營運決策支援系統設計、開發。 2.資料統計分析、數據分析可視化操作。 3.具程式開發基礎。,統計學研究員、電腦系統分析師、軟體設計工程師,"30,000~70,000元",台北市中山區民生東路三段75號,不拘,"1. 個性主動積極，主動學習者。2. 具團隊合作精神。3. 能獨立處理及解決問題。4. 熟悉資料庫及大數據架構與經驗尤佳。"
聯強 資料分析師(亞太第一大資通訊通路集團),(2019菁英計劃)於集團總部負責亞太(台灣、大陸、香港、澳洲、紐西蘭…)營運系統之研發與管理， 運用營運大數據，打造聯強數位神經系統，提升營運智能。  對大數據資料處理及分析或人工智慧有高度興趣者 資料統計分析、特徵工程。 數據分析可視化操作。 演算法評估，建立預測模型。,統計學研究員、數學研究員、電腦系統分析師,"30,000~70,000元",台北市中山區民生東路三段75號,不拘,"1. 具溝通協調與分析能力。2. 能獨立處理及解決問題。3. 具程式開發經驗者佳。4. 熟悉資料庫、特徵工程、機器學習，以及大數據架構與經驗者佳。"
元大銀行-個金業務部-客群經營資料分析人員, ,市場調查／市場分析、統計精算人員、MIS程式設計師,"33,000~39,000元",台北市大同區,不拘,1.大學(含)以上畢業，統計相關系所尤佳2.熟悉SAS/SQL軟體操作及統計分析能力，熟悉EXCEL等OFFICE軟體操作3.對數字具高敏感度、邏輯清晰，細心負責與解決問題的能力4.抗壓性強、主動積極、具工作熱忱、學習能力強、配合度高、穩定性高者5.一年以上資料庫或市場分析相關工作經驗，具銀行相關業務分析經驗者尤佳。
研究員/社工專員/國際專員,"1.	兒少家庭政策及少子化、兒少保護與家暴防治、兒少物質使用及網路成癮議題：             議題研究、資料分析及施測。 2.	執行新生兒評估方案 3.	辦理國際研討會/論壇等活動。 4.	其他行政及交辦工作。  工作區域：北區   依國立臺灣大學計畫專任研究助理支給參考表(107.1.1施行) 學士：32,466元起薪 碩士：37,132元起薪 （有相關工作經驗者，可依年資提敘）",其他研究人員、社會／人類學研究人員、社工人員,"32,466元以上",台北市大安區羅斯福路四段1號(社會社工系館421C室),Excel、Outlook、PowerPoint、Word、SPSS,"社工、公衛、心理、犯罪防治相關系所畢業工相關系所畢業 1.對研究與資料分析有興趣，會使用統計軟體，例如SPSS, SAS,或R等。2.具備外語溝通及文書能力，有辦理過國際研討會者尤佳。3.具基本電腦文書處理能力，例如：word、excel、power point……等。4.具團隊合作精神、工作態度主動積極。5.對兒少及家庭社會工作有服務熱誠及相關服務經驗。6.具溝通協調能力及獨立判斷能力。7.請附上履歷、自傳並註明應徵職務名稱及徵才訊息來源，mail至candicecfrc@gmail.com耿瑞琦執行秘書"
儲備通路業務經理(台北內湖),**負責集團內食品品牌通路經營，主要負責各食品業務通路與消費食品通路家樂福、大潤發、全聯等通路品牌策略執行 1.品牌策略、統計分析、行銷活動及專案活動制定與執行等工作 2.以良好的溝通技巧維持與零售通路、經銷間的良好關係，客戶問題解決，加強銷售順暢 3.產品線生產庫存與銷售管理 4.產品成本掌控與邊貢分析，利潤目標計畫之制定與執行 5.協調溝通銷售、行銷與生產，評估市場現況以協助生產單位計畫生產，執行銷售計畫確保銷售成長  *英文能力：多益700分* *每季另依營運獲利情況及員工績效表現核發獎金,國內業務人員、通路開發人員、行銷企劃人員,"35,000~50,000元",台北市內湖區文湖街20號8樓,提案與簡報技巧、市場調查資料分析與報告撰寫,"1.具備FMCG產業相關經驗者佳2.良好的溝通能力與解決問題能力，良好的抗壓性3.具備統計、資料分析能力者佳，須熟悉EXCEL操作4.精通國/ 台/ 英語5.需自備交通工具"
機器學習工程師,1. 利用資料分析及機器學習進行玉山金控內部 / 外部情勢評估及問題發現 2. 協助業務單位利用資料分析或機器學習解決關鍵科技議題，並提供決策建議,軟體設計工程師、資料庫管理人員、其他資訊專業人員,待遇面議,台北市松山區民生東路三段115號,不拘,"1. 具備高度量化訓練的背景，如數學、統計、應數、財金或財務工程、物理、資訊或電機工程2. 善於使用計量方式來思考問題，並具備科學家精神3. 熟悉敘述型、診斷型、與預測型資料分析，嫻熟常見的機器學習演算法4. 具備 Python 開發經驗5. 具備深度學習模型建構與 Kaggle 實戰經驗者尤佳"
資料工程師 (BI分析),1. 資料倉儲維護與優化 　- 內外部資料整合及收集 　- 資料庫預存程序 (SP) 管理及效能調整  2. 資料清理流程維護及優化 　- 工作流程規劃、建置及維護 　- 具 MSBI (MSSQL/SSIS/SSAS/SSRS/PowerBI) 使用經驗者優先綠取  3. 資料分析協作與資料模型產出 　- 與內部客戶共同梳理商業邏輯 　- 內部儀表板、PowerBI等後端資料模型維護  4. 數據平台架構規劃及支援,Internet程式設計師、其他資訊專業人員,"35,000~60,000元",台北市內湖區石潭路151號,ASP.NET、Python、R、MS SQL,"1. 具行銷、財務資料分析經驗者佳2. 以資料工程師、系統分析師與資料庫管理員為職涯目標佳3. 個性主動積極、善溝通、重團隊、抗壓性強、能獨立作業有責任感"
業務管理師(Inside Sales),1.客情經營(電話維繫)及協處客戶問題 2.協助處理訂單/出貨等相關作業 3.與內部相關單位之作業溝通 4.部門相關資料/文件之彙整/統計/歸檔 5.其他主管交辦事項 ,業務助理、電話客服類人員、國內業務人員,"30,000元以上",台北市大安區復興南路二段166號11樓,不拘," 具良好溝通技巧及資料分析能力者佳 "
資料工程顧問,1. 協助企業各種資料分析需求，包含資料蒐集、前處理、資料清理、文字探勘及深度學習模型 2. 協助企業進行各項營運、流程、系統資料分析，提供企業營運及風險改善建議,顧問人員,"38,000~55,000元",台北市信義區松仁路100號20樓,Python、Excel、PowerPoint,"學歷要求：大學、碩士科系要求：資訊、工程、統計相關科系所擅常工具：Excel 、PowerPoint 、Python管理責任：非管理職，無需負擔管理責任 其他條件：1. 熟悉大數據平台或資料庫操作語法(SPARK、SPARK streaming、HADOOP、SQL等)。2. 熟悉資料庫架構及資料處理軟體(ETL、MS SQL、Oracle、DB2等)。3. 熟悉python或其他資料分析程式語言，並願意學習新語言。4. 熟悉文字探勘技術，具備實作經驗。5. 開放、積極學習的態度與團隊合作的精神。6. 認真負責、有熱誠、抗壓性、具良好中英文表達及溝通能力，執行力強、具強烈企圖心。7. 可配合不定期出差。"
C.顧問類-顧問/資深顧問/經理(鑑識服務與資料分析),1. 弊端風險管理、診斷、調查及防制諮詢服務2. 軟體授權合規與權利金覆核3. 商業調查及佐證蒐集分析服務4. 鑑識科技服務5. 其他鑑識服務專案：協助企業遭遇經濟犯罪、資安事件或侵權行為時，提供鑑識科技及舞弊偵防諮詢服務，包含數位證據處理及保存程序、數位資料分析及視覺化呈現、資安事件調查與分析、機敏資料保護及諮詢服務。,顧問人員、網路安全分析師、MIS／網管主管,待遇面議,台北市信義區基隆路一段333號,不拘,"1.具資料處理相關經驗，有程式設計與關係性資料庫、統計工具設計與管理相關經驗尤佳2.具備鑑識程序規劃與數位證據分析經驗或興趣3.熟悉Encase、FTK、HELIX, NUiX等鑑識軟體尤佳4.熟悉資料視覺化工具(如tableau等)尤佳5.具備專業證照如CFE、CFCE、EnCE 、CCE、CIFI、GCFA、CHFI、ACE等相關鑑識科技及資訊安全證照尤佳 6.具備資安事件處理與調查或分析經驗、鑑識會計、舞弊偵測調查或eDiscovery調查程序之經驗尤佳7.具備惡意程式分析與調查能力、資訊安全技術、系統強化能力及滲透測試經驗尤佳8.具備CISA、CISSP、CISM、CBCP、ITIL、ISO20000、BS10012、ISO27001等安全風險相關專業認證尤佳9.具備中、英文報告撰寫能力；10.對於弊端風險管理、診斷、調查及防制、資料分析有興趣者11.具備良好邏輯分析及專案管理能力。"
科技支援部-系統分析師,1.規劃與建置金融市場總處Data mart。2.建置/導入ETL相關系統。3.設計與規劃業務資料分析、客戶資料分析、交易資料分析模型，並建置相關Dash board。4.支援金市其他系統開發與設計。,電腦系統分析師、軟體設計工程師、軟體專案主管,"45,000元以上",台北市內湖區,不拘,"【工作經驗】1.至少10年IT系統開發、設計、導入經驗。2.至少6年金融相關工作經驗。3.至少3年資料倉儲、資料分析模型設計與規劃經驗。4.曾開發/導入ETL相關工具尤佳。5.有3年以上團隊領導經驗尤佳。【技能與知識】1.熟悉JAVA, C#或Python等程式語言。2.熟悉Oracle或MS SQL等資料庫程式開發。3.了解股票、期貨、債券、短期票券、衍生性商品、組合性商品等交易知識。4.熟悉Data mart資料模型與資料分析。5.良好的溝通能力與團隊合作。6.熟悉資料庫SQL語法效能調教尤佳。"
資料科學顧問,1. 提供企業各類資料分析需求解決方案，包含分析方法規劃、建模、預測分析、視覺化分析等應用 2. 協助企業進行各項營運、流程、系統資料分析，提供企業營運及風險改善建議 2. 瞭解企業商業模式(Business Model)及行銷策略，透過資料科學方法提出策略決策建議,顧問人員,待遇面議,台北市信義區松仁路100號20樓,Python、Excel、PowerPoint,"學歷要求：大學、碩士科系要求：資訊、財務管理、統計、應用數學、工業工程相關科系所擅常工具：Excel 、PowerPoint 、R或Python管理責任：非管理職，無需負擔管理責任 其他條件：1. 熟悉基本資料庫操作語法(T-SQL、E-SQL等)。2. 熟悉統計建模軟體(SPSS、SAS)、R或其他資料分析程式語言等。3. 具備機器學習及統計模型判讀能力。4. 對特定產業(如製造、高科技、消費性產品、金融、電信業等)有深入瞭解。5. 開放、積極學習的態度與團隊合作的精神。6. 認真負責、有熱誠、抗壓性、具良好中英文表達及溝通能力，執行力強、具強烈企圖心。7. 可配合不定期出差。"
企業風險管理、內部控制、資訊系統治理及管理顧問,協助國內、外一流跨國型企業： 1. 治理策略規劃 2. 風險評估與管理  3. 內部控制制度設計、導入及查核 4. 企業流程及系統整合優化 5. 內部稽核轉型優化與委外 6. 產業法令遵循及查核 7. 智慧財產權管理及查核 8. 企業第三方管理及查核  核心技能： . 策略與規劃 . 產業深入瞭解 . 商業流程、資訊科技與管理 . 風險管理與內控 . 創新與邏輯 . 資料分析 . 溝通與簡報 . 英文,顧問人員,待遇面議,台北市信義區松仁路100號20樓,Excel、Outlook、PowerPoint、Word,"1.工作經歷：不拘2.事務所財務報表審計3.內部控制查核4. 美國沙賓法案(SOX)、企業流程及內部控制制度、控制自行評估等制度設計者（佳）5. 熟悉大型ERP應用系統者（佳）6. 熟悉資料分析工具7. 英文或日文說寫流利，且能配合國內、外出差8. 有熱誠、抗壓性強、具良好表達及溝通能力及強烈企圖心及學習意願"
市場研究助理,1.規劃並執行各類研究調查專案 2.進行調查數據的彙整、分析調查數據與繪製統計圖表，並撰寫分析建議報告。 3.收集及分析市場情報 4.執行新專案之規劃、執行、掌控、成本控制及結案。 5.協助資料收集和資料分析。 6.編輯、撰寫計畫報告書。,市場調查／市場分析、研究助理、其他專案管理師,"30,000~40,000元",台北市中正區重慶南路一段13號10樓,Excel、PowerPoint,"1.	具數據資料統計分析能力 2.	擅長文書處理、研究報告撰寫能力佳，文筆好 3.	熟悉文獻資料蒐集整理、對市場調查有經驗與概念4.	態度積極主動、負責有熱忱、細心完成交辦工作"
【企業風險管理服務】Data Analysts 資料分析人員 - Staff Level,"1. Analyze data through programming or data analytics software2. Develop quantitative/algorithm solutions to help client address Basel and other regulatory requirements.3. Conduct in-depth financial and other industry (or specific topic) research for the purpose of marketing event, project execution, meeting material preparation, etc. 4. Draft project deliverables per manager’s instruction. Deliverables may be written in either Chinese or English5. Work closely with client by assisting managers in project management, including meeting arrangement and project timeline control6. Use preexisting template to prepare meeting minutes for current projects in a clear, concise, and timely manner.7. Assist in client interview for fact gathering purpose We offer you:• Friendly and intellectually stimulating team environment• Flexible work arrangement• Participate in award winning global training programs and local continuous training • Access to a network of more than 40,000 consulting professionals worldwide• An international environment that provides unique development opportunities",其他法律專業人員、金融研究員、顧問人員,待遇面議,台北市信義區基隆路一段333號9樓(110),C#、C++、Python、VBA、SAS、SPSS,"1. A bachelor’s and/or master’s degree, preferably with an emphasis in accounting, economics, finance, or statistics2. Excellent verbal/written communication, analytical and problem solving skills3. Passionate in data analytics and problem solving.4. Excellent command of English. Candidate must be able to read regulatory requirements with correct understanding and generate project deliverables (including reports) in English5. Proactive, willing to acquire new knowledge and take on challenges6. A team player, self-motivated and interested to explore new fields and solutions.7. Strong technical competencies (minimum with one of the following): R, Python, SAS, VBA, C++,C#8. Sufficient programing skill and data processing experience are preferable9. New graduates or person with 1-2 years’ of work experience are welcome to apply"
Software Engineer,"At MiCareo, we are working on an innovative medical instrument for detecting rare cells in blood sample. That means that out of the 5 billion cells there are in 1 mL of blood, we are able to detect the very single cell that may give doctors crucial information about their patient. An important application for this technology is developing better treatments to fight against cancer : it allows doctors and researchers to identify precisely the different types of cancer and know what treatment will work for the patient.   Our solution includes multiple components distributed on different computers. We are now looking for a software engineer to help us improve the integration and deployment of those components and implement a reliable software to synchronize data between the different computers.   工作內容 : -研發電腦間大型資料自動傳輸及同步的軟體 -研發可管理不同電腦間不同語言軟體模組(Labview, Python, Java)的介面 -實現軟體佈署及系統組態設定的工具 -實現改善開發流程的工具(自動測試 , CI/CD ) Tasks include: - Develop software for automatic transfer and synchronization of large data between two computers - Develop software for managing the interface between different modules written in different languages (Labview, Python, Java)  and located on different computers - Implement tools for software deployment and system configuration - Implement tool for Improving our development process (automated tests, CI/CD, ...)   所有團隊的成員期望能跨越自己的責任範圍來幫助改良全部的計畫 -幫助改良整體的軟體設計(積極參與全部軟體設計流程) -可以給現存的問題提出好的意見 , 新的解決方法或是提出新功能 -最終可以幫助其他的同事在他們的專案上 , 像: 網路程式設計, 儀器自動控制 , 影像演算法 , 資料分析等 It is expected that all members of the team go beyond their responsibilities and help to improve the whole project: - Help improving the global software design (Take an active part in the whole software design process) - Come up with great ideas, new solutions to existing problems or completely new features - Eventually help other engineers on their projects, such as : web programming, instrument automatic control, image algorithms, data analysis, etc...  要求條件 : -熟悉軟體工程和設計模型 -物件導向程式設計 (Java有經驗者佳)  -有持續整合和佈署(例如使用Jenkins)或安裝軟體的經驗 -Windows或Linux的系統管理和腳本撰寫 Requirements: - Good knowledge of software engineering and design patterns - Object Oriented Programming (experience with Java is preferred)  - Experience with Continuous Integration and Deployment (using Jenkins for example) and/or installation software  - System administration and scripting for Windows and/or Linux ",軟體設計工程師,待遇面議,台北市內湖區行愛路77巷59號3樓,Linux、Java、Spring、JavaScript,"對於下列有一項或多項有經驗或有興趣者佳: -使用Python撰寫腳本或程式開發-系統安全-網路程式設計-撰寫軟體文件和軟體認證(ISO, IEEE, FDA)-資料分析和機器學習;影像處理-細胞生物學 Experience and interest in one or multiple of the following would be considered a plus :- Scripting and programming using Python- System security- Web programming- Software Documentation writing and Software certifications (ISO, IEEE, FDA, ...)- Data analysis and machine learning ; Image processing- Cellular Biology"
品牌經理(時尚女裝·運動休閒各ㄧ名)/Global Brand/Marketing Officer,Another brand- You can login www.xquisite.com.tw  (In construction) 1.進行商品企劃、品牌營運規劃、設計、全球市場開發、推廣及大型活動策劃、斡旋。 2.協同新產品開發、成份規格制定，並主導上市時程掌控。 3.進行商品市場資料分析與商品定位，發展產品行銷策略，並進行價格策略的制定。 4.執行市場與產品趨勢調查，提供研發部門做為新產品研製的參考。 5.進行通路開發、推廣，統籌商品行銷活動之規劃與定期履行成果彙報。 6.諳fb/Instagram及Bligger/Influencer博客/網紅的Agexi ·Xquisite ·XBi品牌擴展，以積極提升地區域性與全球品牌終端影響力。 7.精通雙語（中英或中日、英法/西班牙語）..需具翻譯/編輯文案功底能力。 8.需具備亞洲市場經驗，兼具歐美市場經驗更佳。,行銷企劃人員、產品企劃開發人員、廣告文案／企劃,待遇面議,台北市中正區忠孝西路一段66號(新光摩天大樓)28樓,行銷製作物規劃與執行、品牌行銷管理、提案與簡報技巧、實體活動規劃與執行、網站企劃能力、網路活動規劃與執行、廣告製作規劃與執行、研討會／講座活動規劃與執行、行銷宣傳預算編製與控管、行銷策略擬定、品牌知名度推廣、廣告預算控管、社群媒體經營管理、公關活動規劃與執行、公關新聞稿撰寫與報導、活動主持與場控、記者會規劃與執行、市場調查企劃與執行、市場調查資料分析與報告撰寫,未填寫
品牌國際行銷分析 專員（馬來語母語、中文＋英文）,【主要工作內容】  資料分析： 1.	針對客戶、網站行為，及行銷業務相關問題進行分析 2.	將資料視覺化，產出分析報告或儀表板和簡報，協助營運決策 3.	根據分析結果，提供客戶經營優化建議 4.	建立資料分析統計模型，解決分群、預測等商業問題  馬來西亞與台灣社群媒體行銷： 1. 社群平台經營規劃與執行、客戶服務 (FB、instagram、其他新媒體平台…） 2. 官網內容規畫與執行 3. 協助代理商經營馬來市場 4. 電商平台規劃與執行 5. 市場訊息收集與分析 6. 品牌活動規劃及廣告文案發想 7. 跨品牌合作提案，KOL接洽及維繫 8. 協同東南亞各國PM策略擬定與專案執行   【工作條件】 1. 對品牌行銷有學習及經營熱忱 2. 具程式能力與資料庫理解能力 3. 喜歡挑戰自己、激發創意、有企圖心、自我管理能力 4. 能團隊合作也可獨立研究  【加分條件】 1. 有網頁開發、網站管理經驗佳 2. 過去如在以下領域有相關實作經驗：行銷、公關、創業、程式、網頁等，歡迎提供作品  未來需於馬來西亞出差、協助代理商經營市場 需以馬來語為母語或多年使用經驗，英語為同事間溝通管道，需有台灣留學經驗，中文溝通、閱讀無礙，限大學以上學歷   歡迎職場新人投遞履歷(3年以內)， 薪資與獎金制度依工作經驗、工作熱誠等議定。  （本公司資格可申辦合法工作簽證，目前亦有外籍同事） （如無法直接閱讀、理解上述中文說明達八成以上，請勿投遞履歷）,行銷企劃人員、廣告文案／企劃、電腦系統分析師,"28,000~34,000元",台北市松山區復興北路1號15樓,行銷製作物規劃與執行、品牌行銷管理、異業合作規劃與執行、提案與簡報技巧、網站企劃能力、網路活動規劃與執行、廣告製作規劃與執行、行銷宣傳預算編製與控管、行銷策略擬定、品牌知名度推廣、顧客關係管理、社群媒體經營管理、市場調查企劃與執行、市場調查資料分析與報告撰寫、網站流量成效追蹤、廣告企劃案╱文案撰寫、伺服器網站管理維護、軟體程式設計、網路程式設計、Machine Learning,"1. 平常關心馬來時事，瞭解馬來年輕人談論話題與思考邏輯2. 需有商業思維3. 無論原本出身為何，需尊重各地民眾，拒絕階級與種族歧視"
Software Engineer (Front-End),"At MiCareo, we are working on an innovative medical instrument for detecting rare cells in blood sample. That means that out of the 5 billion cells there are in 1 mL of blood, we are able to detect the very single cell that may give doctors crucial information about their patient. An important application for this technology is developing better treatments to fight against cancer : it allows doctors and researchers to identify precisely the different types of cancer and know what treatment will work for the patient.  Our system includes a web-based user interface that researchers can use to look at the cells from their blood samples and perform some analysis. We are now looking for a software engineer who will be in charge of designing and implementing a new and improved interface that would allow our users to do much more.  工作內容 : -設計使用者體驗, 將使用者需求轉換成可用的功能 -使用SPA框架實現應用程式的前端 -解決快速加載或影像和數值資料的快取 -快速和互動式的資料視覺化 Tasks include : - Design the User Experience, translate user needs into usable functionality - Implementation of the front-end of the application using a SPA framework  - Solutions for fast loading or caching of images and numerical data - Fast and interactive data-visualization  所有團隊的成員期望能跨越自己的責任範圍來幫助改良全部的計畫 -幫助改良整體的軟體設計(積極參與全部軟體設計流程) -可以給現存的問題提出好的意見 , 新的解決方法或是提出新功能 -最終可以幫助其他的同事在他們的專案上 , 像: 網路程式設計, 儀器自動控制 , 影像演算法 , 資料分析等 It is expected that all members of the team go beyond their responsibilities and help to improve the whole project: - Help improving the global software design (Take an active part in the whole software design process) - Come up with great ideas, new solutions to existing problems or completely new features - Eventually help other engineers on their projects, such as : back-end programming, software and data integration, instrument automatic control, image algorithms, data analysis, etc...  要求條件 : -HTML, CSS, Javascript -使用過Bootstrap的經驗或其他相似的框架 -使用過SPA框架的經驗像Vue.js, Angular, React等 -有為複雜應用設計使用者體驗的經驗 Requirements : - HTML, CSS, Javascript - Experience with Bootstrap or an other similar framework - Experience with SPA frameworks such as Vue.js, Angular, React, etc... - Experience designing the user experience for a complex application ",軟體設計工程師,待遇面議,台北市內湖區行愛路77巷59號3樓,Linux、Java、Spring、HTML、JavaScript、CSS,"對於下列有一項或多項有經驗或有興趣者佳-有使用D3.js或其他Javascript資料視覺化軟體庫的經驗-使用過框架開發後端的經驗, 舉例: Java的Spring-使用過 SQL或NoSQL資料庫-自動化軟體測試, 持續整合-撰寫軟體文件和軟體認證(ISO, IEEE, FDA)-資料分析和機器學習;影像處理-Windows或Unix的腳本撰寫和系統管理-細胞生物學 Experience and interest in one or multiple of the following would be considered a plus :- Experience using D3.js or other data visualization libraries for Javascript- Back-end development using a framework such as Spring in Java for example- Experience with SQL or NoSQL database- Automated software testing, continuous integration- Software Documentation writing and Software certifications (ISO, IEEE, FDA, ...)- Data analysis and machine learning ; Image processing- Shell scripting and system administration on Unix and/or Windows- Cellular Biology "
分析師助理,股票市場基本知識 協助分析師準備上節目簡報 市場相關報導研究分析、報告撰寫 文書處理細心為主，女性尤佳 歡迎畢業有志加入股票市場青年 必需具備「投信投顧業證照」,金融研究員、研究助理,"35,000~40,000元",台北市中山區南京東路三段77號3樓之1,投資評估報告撰寫、市場調查資料分析與報告撰寫,"金融相關科系畢業具備台股基本知識Word、Power Point、Excel基本操作"
產業研究助理Research Assistant,"Job Description •Support research team about key components of Smartphone industry, and trends, supply chain, technology revolution, and company specific competitive information. •Carries out a broad range of information gathering, analysis, and reporting activities. (daily, weekly and monthly) •Receive assignments of customized projects, consisting of non-routine requests. •The successful candidate will have responsibility for working with industry contacts to help build relationships with institutional clients and prospects. •This individual will be part of the sales and marketing team responsible for selling and positioning the research products.  Job Summary •Function - Industry Research Associate •Location – Taipei, Taiwan •Job Type – Full-time •Level - Entry Level/ Experienced •Travel - Yes, 25-50% of the time ",研究助理、市場調查／市場分析、金融研究員,待遇面議,台北市中山區松江路3號13F之5,Excel、Outlook、PowerPoint、Word,"Knowledge and Skills•Ability to read, analyze, and interpret general business periodicals, professional journals, or technical procedures and to collect data, establish facts, and draw valid conclusions.•Ability to work independently in a fast-paced environment while balancing multiple projects.•Strong attention to details with the desire to understand data at its lowest level and willingness to spend considerable time and effort on quality control in order to insure flawless analysis. Experience and Education•0-2 years experience in business intelligence, marketing, marketing research, and/or a related analytical  role, preferably in Semiconductor or IT industry.•Strong interpersonal, verbal and written communication skills.•Proficiency in Microsoft Office suite, particularly PowerPoint and Excel charting and graphing.•Bachelor degree in business, marketing, finance, statistics, or in a relevant field."
信義代銷_研展專員,"1.總經市場與不動產市場分析、代銷預售/新成屋個案分析、市調資料蒐集2.產品定位、價格分析、消費客層分析、產品優劣分析3.能獨立完成簡報製作與提案4.創新整合與配合事項執行5.市場資訊建檔與相關數據建置維護6.具代銷研展經驗者尤佳,對地產行銷有強烈企圖心,年輕活力,態度正向積極",市場調查／市場分析、不動產／商場開發人員、產品企劃開發人員,"34,000~38,000元",台北市信義區信義路五段100號(110),Mac/Macintosh、Excel、PowerPoint,Mac及ＰＣ簡報軟體操作、Excel、繪圖軟體、資料處理分析軟體
T-資深業務專員,1. 維繫既有客戶關係，開發指定名單之廣告客戶  2. 願學習網路廣告操作  3. 可獨立撰寫行銷提案，具備成效分析能力  4. 具基本Facebook Google 產品知識  5. 具備代理商服務經驗尤佳，溝通能力強 ,網站行銷企劃、廣告AE業務人員,待遇面議,台北市大安區台北辦公室、新竹辦公室,Excel、PowerPoint、Word,"1.  細心負責，擅溝通和團隊合作2. 解決問題、抗壓、資料分析能力"
企劃助理,1.負責行銷活動作業進度掌控與人力、訓練品質的管控 2.負責行銷活動執行報告與績效分析。 3.熟悉體驗行銷或賣場活動或FB行銷操作尤佳。 ,活動企劃人員、行銷企劃人員、品牌宣傳及媒體公關人員／主管,"27,000~35,000元",台北市大安區復興南路一段360號12樓,不拘,"熟悉excel操作與資料分析者有產品銷售經驗者佳主動活潑、願意與人接觸"
產品企劃專員,工作態度認真、有責任心是基本條件 因為這個職務算是一條龍的服務、從市場分析、開發產品、定價策略、直至上市..等等 我們希望你除了有基本的規劃及產品管理技能外 同時必要條件是【要有電信相關產業】背景 若不符合必要條件請勿投遞謝謝  ★產品市場資訊收集及競爭趨勢分析 ★產品發展策略規劃及方向研擬 ★新品設計與制定，市場評估、資源及成本等因素進行商品開發  ★新品開發時程控管與協調、發展產品行銷及定價策略、成本控管 ★供應商資源管理，確保合作的暢通與效率，推進產品上線 ★銷售分析、策略分析檢核及對策擬定  如果以上你有一點經驗外加你很有熱情，歡迎來聊聊!  ,行銷企劃人員、網站行銷企劃、產品行銷人員,"35,000~40,000元",台北市中山區民權東路二段148號4樓,Excel、Outlook、Word、中文打字50~75、英文打字50~75、Illustrator,"◆細心敏銳◆責任感強、善於溝通、團隊合作◆邏輯性好善於分析 "
行銷專員,1.公司整體CIS製作與執行。 2.制定商品理念、文案、策劃、行銷推廣。 3.官網、平台維護，社群行銷的規劃及執行。  4.市場調查並定期提供報告 5.協助業務並提供sales kits,行銷企劃人員、廣告文案／企劃,"26,000~32,000元",新北市新莊區建國二路85號之9（2樓）,行銷製作物規劃與執行、提案與簡報技巧、網站企劃能力、市場調查企劃與執行、市場調查資料分析與報告撰寫、CIS企畫設計、各式封面設計、電腦繪圖軟體操作,自備機車者佳。
數位廣告操作專員(AM),1.	數位廣告操作、管理、優化 2.	廣告投放數據分析，並回報討論改善方向  3.	協助規劃數位廣告行銷策略 4.	擅長溝通及聆聽，掌握專案進度及跨部門分工。,網站行銷企劃、廣告文案／企劃、媒體公關／宣傳採買,待遇面議,台北市松山區八德路四段,不拘,"1.具Google聯播網、 Facebook或關鍵字廣告操作經驗2年以上為佳 2.具備線上媒體、廣告採買的概念佳3.邏輯清晰、數字判讀能力佳，且富有實驗及實踐精神 4.熟悉Excel分析工具、英文具備一定程度有加分 5.個性細心穩重，具有歸納整理能力6.不怕犯錯責任感重，不怕壓力懂得聆聽溝通 7.喜歡掌握新知，對行銷、公關、社群等工作有興趣者"
【日商】台灣DMG部門 業務助理(資料輸入)兼職人員  歡迎夜校生,歡迎對行銷企劃有興趣、喜愛日系美妝的大三大四在校生。 從協助正職行銷業務人員開始，進而學習相關業界資訊。  【工作內容】  1.日報填寫 2.月報填寫 3.媒體週報填寫 4.SOP開案 5.回購資料填謝 6.協助抓取TA、競品資訊  【工作時間】  周一、週二(9:30-18:30) 周三~週四(9:30~13:30) 短期勿試，可長期配合優先，歡迎夜校生、大三大四在校生。  【條件】  1. 細心、耐心、負責任者。 2. 具資料統整能力，擅長文書處理，熟悉EXCEL/PPT使用經驗。 3. 協調能力、溝通能力佳。 4. 具日文能力者更加分,行銷企劃助理、資料輸入人員、業務助理,,台北市松山區八德路3段36號13樓,Excel、PowerPoint、Word,"具相關工作經驗者尤佳。短期勿試，歡迎大三大四在校生。"
ETL engineer(熟 Informatica),"負責銀行資料倉儲系統資料整合及應用程式開發 資料庫開發  A. 職務說明如下: 	1. 資料倉儲系統資料交換ETL工具(informatica／Teradata/shell) 	2. SQL程式撰寫、具備資料庫知識 	3. 系統文件撰寫      B. 主要條件 	1. 具資料庫軟體應用程式語言操作能力(T-SQL/PLSQL)。 	2. 具三年以上ETL操作工具操作經驗(Informatica), 	3. 具報表SSRS操作能力尤加 ",電腦系統分析師、軟體相關專案管理師、軟體設計工程師,待遇面議,台北市松山區敦化北路170號14樓D室,ETL、Informatica,"1.熟悉ETL工具Informatica  2.具有teradata  / shell script經驗佳3.對大數據資料分析及資料倉儲有興趣4.個性細心、負責認真、抗壓性強能獨立作業"
行銷企劃人員,"若您 ""是"" 或 ""想當"" 行銷人員，  您肯定是我們要找的人   善於使用網路時代的數位工具或平台, 結合傳統業務開發能力, 為企業提供一份新的成長動力,如果你也樂於分享自己開拓國外市場的心得, 恰巧缺乏一個舞台表現,  我想佳迪""Just Dependable""是你必須進ㄧ步了解的選擇   1.負責行銷企劃案的撰寫、規劃執行公司對外的行銷媒體活動，並對其效益進行分析與建議。 2.進行產業競爭分析及市場調查分析。 3.分析現有顧客與潛在顧客資料，並發展客戶維繫方案。 4.建立、推廣、經營與管理現有品牌、產品整體的形象，並負責相關文宣資料的規劃與製作。 5.平面文宣設計製作. 網站視覺風格、網站設計規劃。 6.反應靈敏、細心謹慎、邏輯佳、具良好溝通能力。  佳迪企業有限公司 創立於民國 1985 年，  秉持公司一貫理念＂ Just Dependable＂ 及國際化的發展。  在未來規劃,本公司將全力投注、開發迎合市場需求之商品。  提昇產品形象積極尋求各類專業人才相信JD將會是您發揮實力與感受前瞻性的選擇，  希望藉由您的專業能力，一起與JD邁向更寬廣無限的國際的旅程，享受與我們一起成長茁壯的快樂。  ＂ Just Dependable＂ 提昇專業能力，完善售後服務，爭取市場優勢，建立客戶的信任，行銷全世界。",網站行銷企劃、行銷企劃人員、廣告文案／企劃,"28,000~32,000元",新北市中和區景平路240巷2弄23號1F,Excel、Outlook、PowerPoint、Word、Adobe Photoshop,"您是否有滿腔藝術天分想要讓更多的廣大網粉們看見您的平面及影音設計呢？ 您是否喜愛戶外生存遊戲呢？如果您想將您的專業結合興趣，我們一定非常歡迎您的加入. "
商品採購(MD),1. 報表彙整分析 2. 訂單制定與配貨 3. 核對採購單、進貨單、請款作業及後續庫存管理等相關作業 4. 與海外夥伴訂單來往溝通協調 5. POS 商品資訊維護,採購人員,"28,500~32,000元",台北市中山區,Excel,"1. 書寫英語能力（需與海外工廠溝通）2. 具基礎物流知識佳3. 數字敏銳度佳4. 善於表達、溝通5. 細心、負責任、團隊合作"
[好會飛]Product Assistant Manager產品副理,"好會飛是一家跨境到馬來西亞的電商，品牌與產品的""操作""是我們平台最重要的核心之一， 我們將台灣的好品牌好商品推廣到馬來西亞，因此品牌處的工作就是找到好品牌 推廣好品牌~  發揮你的創意、執行力以及對品牌操作滿滿的熱血，把台灣的品牌發揚光大吧！   Job Description： 1. 市場分析：經營品牌第一個最需要的就是Target Audience的資料蒐集與分析能力。  2. 品牌開發：不斷開發相關類別新品牌，需跨部門與外部品牌溝通和協調能力。 3. 品牌經營：品牌銷售目標達成，並擬定、分析行銷和價格之發展策略。  4. 行銷活動：品牌活動規劃與執行，並且進行成效追蹤。  5. 商品銷售：隨時應變品牌在市場的反應，操作新品和創造爆款。   加分條件  *有電商經驗的 *對台灣品牌高熟悉度的  工作項目看起來很多，但我們是一個強大Team，  我們有自己的系統部、數位媒體部、數位行銷部支援!!  讓台灣好品牌走向海外，讓更多人看見！ ",產品企劃主管、產品管理師、市場調查／市場分析,"35,000~40,000元",新北市中和區中正路700號12樓之5(遠東世紀廣場科學園區K棟),Excel、PowerPoint、Word,"*須熟悉女性用品、穿著等(內衣鞋包)*熟悉馬來西亞市場狀況，馬來西亞人優先考慮。"
總公司保戶服務部保服規劃科人員,1.執行商品及行政相關專案   2.執行整合性服務專案，確保保戶服務完整性 3.製作行政管理資訊報表 4.開發及維護WEB與APP等對外服務介面與系統功能  《過試用期薪資會往上調整，若有相關工作經驗者薪資另議》,核保／保險內勤人員、行政人員,"31,000~50,000元",台北市信義區信義路五段150巷2號5樓(110),不拘,"1.保險相關科系畢業尤佳2.具壽險工作或資料分析經驗者尤佳3.認真、細心、好奇、願意學習"
內容運營專員,1.負責產品每日文字、圖片和視頻內容審核 2.回復日常用戶回饋問題 3.根據板塊主題，編寫相關內容並發佈 4.整理審核和使用者回饋相關資料 ,網站行銷企劃、行銷企劃人員,"35,000~60,000元",台北市中山區南京東路三段168號14樓,不拘,"1.擁有新媒體運營和app運營經驗者優先2.具備一定的文字功底，有原創經驗者優先3.邏輯思維能力強，具備資料分析能力4.思維活躍，對新事物接受能力強，具備一定的抗壓能力"
網路專案企劃實習人員(工讀),此為排班工讀實習人員，需每週可配合排(日)班至少2~3日   1.協助行銷資料建立與整理、資料分類、歸納、與分析。  2.極具創意，協助部門創意發想，創造網路議題，引導參與人員發表意見或心得  3.協助行銷企劃專員執行日常交付事務，例行的文書處理  4.透過網路與消費者溝通客戶產品特色與訊息  5.協助專案的執行，進行網路社群、行銷之成效管理、追蹤。  6.充滿想法，良好的溝通技巧及抗壓性 ,行銷企劃助理、廣告文案／企劃、產品行銷人員,,台北市松山區敦化北路214號3樓,Excel、PowerPoint、Word、中文打字75~100、英文打字75~100,"1.活潑有想法、積極學習、態度正面、勇於嘗試、不怕失敗、處事細心。 2.有論壇實際撰寫文案能力、行銷經驗者佳。 3.重度網路使用者，常瀏覽各論壇及PTT，有個人FB/blog/plurk/twitter等(有過使用經驗)。 4.對office軟體熟練(會大量使用excel及ptt製作圖表) 5.自備筆電"
C.顧問類-顧問/資深顧問(保險業數據分析應用顧問),1.	協助客戶規劃數據應用發展路徑 2.	協助客戶依應用主題建立數據模型 3.	協助客戶規劃或建置數據倉庫或市集 4.	協助客戶建立模型應用場景  其他條件說明： 1.	熟悉統計分析軟體的使用(如SAS、SPSS) 2.	樂於接受挑戰 3.	熟悉R或Python尤佳 4.	曾參與保險業雙核或客戶經營模型專案尤佳 5.	熟悉ETL工具尤佳 6.	熟悉倉儲解決方案尤佳  如無工作經歷者，月薪資預計36K以上,顧問人員,待遇面議,台北市信義區基隆路一段333號,不拘,"年資要求：相關學歷畢業或2年以上資料分析經驗或5年以上保險業核保、核賠或客群經營經驗或2年以上倉儲建置管理經驗"
接案外包兼職企劃行銷,"工作方式可分為2類皆可 1.外包接案 2.兼職上班  公司簡介  傳統產業,主要營業矽膠和橡膠產品,  為小型企業，近期逐漸轉型開發自有品牌商品,  歡迎有行銷概念或品牌設計有獨到見解者加入#  公司官網  http://www.tongjun2015.com/",廣告文案／企劃、網站行銷企劃、產品企劃開發人員,,新北市新莊區建國二路85號之9（2樓）,行銷製作物規劃與執行、品牌行銷管理、提案與簡報技巧、網站企劃能力、研討會／講座活動規劃與執行、公關新聞稿撰寫與報導、市場調查資料分析與報告撰寫、廣告企劃案╱文案撰寫、廣告創意發想與提案、視覺設計相關知識、設計表現能力,未填寫
接案外包兼職專案企劃,工作方式可分為2類皆可 1.外包接案 2.兼職上班  案件內容主要針對&#65282;政府單位申請補助&#65282;相關的專案企劃,其他專案管理師、專案管理主管、營運管理師／系統整合／ERP專案師,,新北市新莊區建國二路85號之9（2樓）,Adobe Photoshop、Illustrator,案件內容主要針對&#65282;政府單位申請補助&#65282;相關的專案企劃
Palladium E-Commerce development Executive,1.開發電子商務通路及拓展市場  2.負責電商平台商品操作  3.商品行銷規劃及活動洽談  4.商品市調及銷售追蹤/檢討作業 5.獨立完成平台服務之的量化與質化成效分析，並追蹤後續使用數字進行優化 6.了解與分析目標客群的操作情境和輪廓，擬定策略設計符合市場需求的服務 ,網站行銷企劃,待遇面議,台北市內湖區陽光街383號4樓,Excel、Outlook、PowerPoint、Word、Adobe Photoshop,"1.對電商or社群網站操作相關經驗為優先2.具備SEO社群分析技能為佳"
Market Research Consultant (Japanese),"[大台北地區] 外商--Market Research Consultant (Japanese)  Job Description: Content / policy review of surveys coming from different countries and languages  Required Experience and Skills: - Fluent in verbal and written English and Japanese - Excellent communication and presentation skills using English and Japanese - Must be flexible with work schedules to accommodate international time zones  - Basic understanding of marketing/branding - Basic analytical understanding and use of excel - Problem solving abilities and solution focused  - Open to challenges and constant changes - Attention to detail and structure nuances - Project management or data analysis experience preferred but not required   Daily duties and responsibilities of the position - Content / policy review of surveys coming from different countries and languages - Provide excellent customer support to market researchers. - Survey testing, data analysis and reporting.  - Daily communication (calls, emails, chat, etc) with team members around the globe - We will sponsor working visa / work permit",市場調查／市場分析、顧問人員,"32,000~45,000元",台北市信義區,Excel、PowerPoint,未填寫
政策研究人員,由於公司的定位特殊（不知道本公司哪裡特殊的，請直接上一頁），如何尋找合適的政策研究工作夥伴，一直困擾著我們。因此，我們決定嘗試另一種更詳細的徵才說明，讓求職者投遞履歷前能先自我檢視，判斷自己是否適合這項工作。  我們所從事的專業是「議題公共化」的過程，也就是從社會的角度，重新定義、詮釋、辯護各種論點，然後制訂溝通計畫，並予以執行。我們的客戶包括企業、政府機關、NGO/NPG組織，以及政治人物。  聽起來有點抽象，但實際上的工作內容與一般的公關公司相比差異不大。諸如資料文獻蒐集、議題研究、新聞與社群監測、文案或分析報告撰寫、溝通策略與戰術研擬、各式專案之企劃、設計與執行、媒體等關係人聯繫與溝通等。,其他研究人員、行銷企劃人員、哲學／歷史／政治相關研究人員,"32,000~47,000元",台北市中正區忠孝西路一段6號10樓,Excel、PowerPoint、Word,"其他條件：1. 對於公共議題的研究有濃厚興趣。不可否認，對於某些人而言，公共議題是枯燥無趣的。一種快速檢驗的方式，可以請你嘗試每天閱讀所有A落版新聞（要聞、焦點、政治、社會、兩岸、話題），看是否樂在其中。 2. 沒有過於氾濫的熱情。Agency 就是 Agency, 您可以想像我們需要的是律師而非檢察官。我們的功能是促進溝通，你必須相信任何觀點都有值得省思、論述與辯護之處。你或許敏銳地感覺到，這項條件與前一項條件的矛盾之處，這也是徵才最困難的地方。若您有遠大的理想，卻又有不容退讓的堅持，可以考慮加入 NGOs 組織，再找我們擔任合作夥伴。 3. 擁有量化研究方法的基本功。公共議題的探索常涉及民意調查方法，因此若熟悉統計等量化研究方法，並能撰寫研究企劃案，會是一個加分的項目。這項條件不是必備，但卻是目前我們目前最缺乏的。 4. 擁有不錯的文字的駕馭能力，或優秀的簡報能力。不求兩者兼具，但至少擁有一項。 5. 科系不限。事實上，經過長久以來的觀察，科系與專長類別和本工作的表現之間看不出任何關連性。 6. 聽說讀寫俱佳的英語能力，絕對是加分項目。不過這項能力只有0與1的區別。1是能與外國人進行會議，並提供英文書面報告；其他都是0。你必須自己判斷語文程度是否符合。 7.具備本土或外商企業政策公關部門（Public Affairs）、政府關係部門（Government Relation）、NGO非營利組織、產業公協會等經驗者佳"
Market Research Consultant (Spanish/Portuguese),"[大台北地區] 外商--Market Research Consultant (Spanish/Portuguese)  Job Description: Content / policy review of surveys coming from different countries and languages  Required Experience and Skills: - Fluent in verbal and written English and Spanish - Excellent communication and presentation skills using English and Spanish - Must be flexible with work schedules to accommodate international time zones  - Basic understanding of marketing/branding - Basic analytical understanding and use of excel - Problem solving abilities and solution focused  - Open to challenges and constant changes - Attention to detail and structure nuances - Project management or data analysis experience preferred but not required - Skill in Portuguese is preferrable  Daily duties and responsibilities of the position - Content / policy review of surveys coming from different countries and languages - Provide excellent customer support to market researchers. - Survey testing, data analysis and reporting.  - Daily communication (calls, emails, chat, etc) with team members around the globe - We will sponsor working visa / work permit",市場調查／市場分析、顧問人員,"32,000~45,000元",台北市信義區,Excel、PowerPoint,We do NOT sponsor working visa / work permit
資深營運,1.參考數據進行會員產品功能露出展示規劃與優化調整  2.活動規劃與執行，成效分析的業務執行   3.會員相關前後端技術產品團隊整合性溝通  4.有線上網站產品運營及維護經驗  5.熟悉各種線上會員活動及優惠策劃 6.良好的溝通表達能力和團隊合作意識，執行力強、責任感強、思維活躍，能高效配合團隊成員，共同完成項目。  ,營運管理師／系統整合／ERP專案師、產品企劃開發人員、市場調查／市場分析,待遇面議,台北市信義區松仁路105號13樓,不拘,"1.具有2-3年及以上網路產業經驗 2.可獨立完成且良好的PPT能力、優秀的溝通與文案能力、創新的策劃能力 3.具有資料分析能力與市場敏感度 4.良好的的抗壓能力與團隊協助能力 5.成功的執行方案作品集是加分項"
行銷企劃,大家好， 昨天八卦版有篇文章被推爆，是疾管署的疾病擬人企劃 [新聞] 疾管署疾病擬人化紅到日本 日媒：我們照做感染會變少 https://www.ptt.cc/bbs/Gossiping/M.1565791400.A.608.html  我們是去年這個企劃的創作團隊，真的很高興獲得鄉民的肯定  我常常嘴砲，我們的企業責任就是提升政府、醫院衛教的美學標準， 讓大家看到的衛教內容不只好懂，還好看，讓你滿滿感動，這個重擔我們責無旁貸啊啊啊啊～  因為我們相信行銷企劃可以為醫療產業帶來的樂趣、美感、與正面的影響。 我們的目標很遠大、但是做事很踏實，總之我們先來看看這次要徵的夥伴是哪位：  【公司名稱】 牛蛙股份有限公司 粉專：問8線上健康諮詢 https://www.facebook.com/wen8.com.tw/   【工作職缺】 行銷企劃   【工作內容】 1.網路社群經營（FB、YouTube、Line@、IG) 2.推出行銷企劃活動 3.需接觸醫藥產業專業人員訪談，做文案編輯撰寫   【徵求條件】 1. 行銷企劃發想以及強大的執行力 2. 熟悉網路社群平台並有操作經驗 3. 文案撰寫能力  加分  1. 有相關工作經驗以及厲害的成果 2. 有醫學相關背景或經驗 3. 影片拍攝剪輯經驗  【工作地點】 台北市大安區信義路四段273號 信義安和站旁  【工作時間】 9:00-18:00 緩衝一小時  【公司福利】 1. 還算不錯的工作環境（自己說）https://imgur.com/a/TTsVa1J 2. 滿半年特休7天，滿一年後特休假14天 3. 端午、中秋直接發獎金，含年終加起來一年保證領滿14個月   ,行銷企劃人員、網站行銷企劃、文編／校對／文字工作者,"36,000~40,000元",台北市大安區信義路四段273號4樓,Apple、中文打字50~75、英文打字125~150、Adobe Photoshop,"【其他備註】 公司的文化和行事風格也分享一下： 1. 我們崇尚清楚的邏輯。如果邏輯不清楚，無法說明自己要做什麼、為何要這麼做，週會可能會被慘電一個。 2. 我們有道理就說，老闆也會聽，前提是你要有邏輯和原因支持你的想法。老闆不會因為你意見不同對你有意見，反而會欣賞你有想法、樂於討論。　3. 我們需要對產品的行銷與產品本身有熱情的夥伴，要自己追求往更好的地方去，不是及格就好。 4. 要能樂於溝通，積極與別人協作完成任務。不踢皮球，負責到底。 5. 我們需要強大的執行力．發現到了問題，去想怎麼做，想到了，有效率的完成，還可以更好的地方不段修正，就是完美的執行。 6. 最後，醫療是救人的產業，因此我們希望你善良。善良不是濫好人或天天做慈善，就這個職位來說最基本的就是是嚴格求證每一句你說的話．因為看到的人會受你影響，我們需要你重視這份影響力，往好的地方去。"
電商行銷企劃,1.電商品牌競品分析 報告撰寫 2.品牌經營周報月報撰寫與整理 3.具備網路活動規劃能力 廣告素材企劃能力  活動網頁企劃能力 4.媒體採買對應窗口 口碑行銷協助聯繫 5.協助客戶服務，並完成主管交辦事項  ,行銷企劃人員,"28,000~40,000元",台北市中山區復興北路378號10樓,Excel、PowerPoint、Word,"1. 熟悉各大網購平台尤佳2. 本身喜歡網購尤佳3. 待過電商品牌 代操公司者 可加分4. 為重度網路使用者5. 喜好並擅於溝通 EQ高 時間控管能力佳"
網站運營專員,工作內容 1.負責本公司旗下網站平台的經營與推廣 2.負責規劃及執行本公司旗下網站行銷活動與媒體計畫(如社群)，並對其效益進行分析與檢討  3.規劃搜尋引擎友善及GA工具使用與分析。 4. 能獨立完成行銷活動操作，包含視覺規劃及文案，並隨時追蹤成效。 5. 新聞稿撰寫  6. 口碑行銷文案撰寫  7. 擁有網路行銷經驗者佳  8. 2年以上SEO執行經驗,網站行銷企劃、產品行銷人員、行銷企劃人員,"32,000~50,000元",台北市松山區南京東路五段16號11樓之4,Excel、PowerPoint、Word,"提案與簡報技巧、網站企劃能力、網路活動規劃與執行其他條件：1.收集資訊能力、分析能力、邏輯思考能力。 2.文筆佳、邏輯觀念清楚、細心有耐心。 3.具團隊合作精神，執行力與抗壓力佳。 4. 熟悉網站SEO與內容行銷實務 5. 熟悉SEO或網站分析工具經驗，如Google Search Console, Bing站長工具、ScreamingFrog、Ahrefs.com與Google Analysitcs. 6.熟悉手機版移動端用戶體驗者佳。7.熱愛遊戲、動漫、線上娛樂產品者佳。"
國立臺灣科技大學數位學習與教育所  徵求研究助理 (氣候變遷教育研究),"職務類別： 專任研究助理  薪資待遇：依科技部專題研究計畫工作酬金規定辦理，享勞健保及年終獎金。碩士級起薪36,050~40,000元，依能力與績效談薪。  工作內容： 1. 協助計畫執行，主要為氣候變遷數位課程發展和研究。 2. 協助執行實驗、協助資料整理與分析數據。 3. 協助人事與業務經費核銷，及其他研究室行政事項。 4. 計畫主持人交辦事項。  工作期間：原則以一年一聘，視工作態度和表現可有續聘的彈性，可面談討論。  上班時間：2019 年 12 月（細節可面議）。已畢業或預計今年寒假畢業者皆可應徵。",研究助理,"31,520~40,000元",台北市大安區基隆路四段43號,R、SAS、SPSS,"1. 具備：(a) 科學教育或教育心理相關科系之學世或碩士學位、或 (b) 具備物理、化學、生物或地科相關科系之學士或碩士學位 為佳。2. 工作細心負責、能夠獨立作業、對氣候變遷、科學/數位學習研究有興趣者。3.  其他有利甄選條件：(a) 具備量化資料分析能力(如 SPSS、R、SAS) 或質性資料分析能力；或 (b) 曾修過教育學程，具有課程與評量設計經驗。"
數位行銷企劃/資深數位行銷企劃,"1.數位媒體規劃、提案、執行；文案撰寫。具備良好簡報撰寫與提案能力。 能根據客戶的行銷需求，提出市場分析與行銷策略規劃。  2.具基礎數位媒體 know how (Facebook, Google等跨媒體操作),能與其它數位媒體進行合作洽談(社群及官網規劃、FB、IG、聯播網、KOL、口碑操作、網站數據解讀等…..) 3. 具有清楚口條及邏輯組織能力。  4. 蒐集市場動態情報數位趨勢，定義媒體工具及運用。     5. 熟悉 GA、FB、Yahoo廣告及報表分析。   ※請附上作品集。(個人創作、企劃書、社群經營...等(形式不拘)。  ※創意、企劃、分析等相關作品將是評估重點。 ",行銷企劃人員、傳播媒體企劃人員、其他專案管理師,"30,000~45,000元",台北市內湖區洲子街55號4樓,Excel、PowerPoint、Word、Adobe Photoshop,"1. 負責各媒體、品牌、及數位產品行銷企劃相關事務。 2. 針對品牌或數位產品，有行銷企劃案撰寫及廣告文案、文章撰文能力。 3. 不同廣告媒體企劃提案與結案撰寫，及主動提案能力。 4. 進行產業競爭分析及市場調查分析、市場趨勢報告撰寫。 5. 具獨立思考及解決問題能力。 6. 細心、耐心、抗壓性佳、反應靈活 7. 備相關作品"
業務暨行銷專員,1.行銷擴廣、媒體活動策劃及產品參展。 2.負責資安鑑識暨區塊鏈應用相關產品業務 3.專案計劃書撰寫。 4.國內外業務及國際行銷及原廠來訪接洽事宜處理。 ,其他專案管理師、國外業務人員、國內業務人員,"42,000~60,000元",台北市中山區松江路309號11F-5,Excel、PowerPoint、Word、中文打字20~50,"熟悉英文 (聽說讀寫)主動積極能接受新科技及新挑戰熟悉簡報技巧及計畫書製作"
行銷企劃專員,1.五年以上行銷企劃、網路行銷相關 工作經驗 2.其他條件：有美編設計基礎、網站後台管理經驗 3.熟稔社群經營並有實績可參考 4.有汽車配件產業經驗尤佳  ,行銷企劃人員、行銷企劃主管、網站行銷企劃,"28,000~50,000元",新北市新店區北新路3段205號8樓,Excel、PowerPoint、Word,"有規劃大型展覽經驗尤佳"
資安專案經理,1.數位鑑識相關專案管理。 2.駭侵調查案件管理 3.專案計劃撰寫。 4.資安鑑識產品經理,其他專案管理師、產品企劃開發人員、專案管理主管,"50,000~70,000元",台北市中山區松江路309號11F-5,專案規劃執行╱範圍管理、專案溝通╱整合管理、專案管理架構及專案說明、異業合作規劃與執行、研討會／講座活動規劃與執行、市場調查資料分析與報告撰寫,"熟悉英文 (聽說讀寫)能接受新科技及新挑戰熟悉簡報技巧及計畫書製作具ISO稽核員資格尤佳"
資深研究員 (Senior Research Executive ),1.提案計畫書撰寫。 2.量化調查及質化產業報告撰寫。 3.控管專案品質及時程。 4.與督導及訪員溝通，並安排執行時程。 5.二年以上市調相關工作經驗。 6.其他主管交辦事項。 ,市場調查／市場分析,待遇面議,台北市信義區東興路57號5樓,專案成本╱品質╱風險管理、專案時間╱進度控管、專案規劃執行╱範圍管理、市場調查企劃與執行、市場調查資料分析與報告撰寫、問卷設計、統計軟體操作、訪員教育訓練、調查樣本統計分析,"1.英文中等，可書信往返及英文簡報製作。2.擅長工具：Excel、PowerPoint、Word3.其他條件：市場調查相關工作經驗二年以上、熟悉統計分析方法、具簡報技巧者，對社會科學有相關興趣者尤佳。"
Sales & Project Executive 專案執行(闇橡科技),我們是致力開發VR教育的團隊，在虛擬科技市場闖出新的方向，接軌各國的VR技術及產品，如果你對VR教育、數位互動行銷有興趣，歡迎你一起來開啟感官感受不同型態的科技產業!  1.執行專案。 2.協助業務團隊執行專案計劃。 3.負責行銷企劃案的撰寫、籌備、執行製作（如：展覽、促銷活動），並對其效益進行分析與建議。 4.協助各部門及廠處推動專案之執行、管理、問題追蹤及解決。 5.基礎客戶關係管理。 6.製作結案報告。 7.製作專案的成效追蹤報表。 8.完成其他主管交辦事項。  ,行銷企劃人員、國內業務人員、產品行銷人員,"28,000~38,000元",台北市大安區復興南路一段205號7樓,專案時間╱進度控管、專案規劃執行╱範圍管理、異業合作規劃與執行、行銷宣傳預算編製與控管、市場調查企劃與執行、市場調查資料分析與報告撰寫、廣告企劃案╱文案撰寫、廣告創意發想與提案、客戶情報蒐集、多媒體簡報製作,"1.  態度負責，處事圓融細心。2.  面對任務勇於挑戰、主動積極。3.  有教育大學背景者尤佳，沒有沒關係，有相關創意競賽或參與經驗也可以!4. 有數位輔助教學工具推廣經驗尤佳，或者你對各種VR硬體設施非常有興趣。 "
時尚精品公關公司 公關專案執行,"精品品牌專案管理與公關執行, 熟悉時尚動態並對時尚高度興趣, 邏輯思路清楚, 做事細心耐心, 認真負責, 精通中文寫作與英文說寫流利, 多益860分以上 ,  留學背景更佳. ",媒體公關／宣傳採買、行銷企劃人員,"30,000~33,000元",台北市大安區敦化南路一段,品牌行銷管理、提案與簡報技巧、行銷策略擬定、品牌知名度推廣、公關活動規劃與執行、公關新聞稿撰寫與報導、公關議題與危機處理、活動主持與場控、記者會規劃與執行、市場調查資料分析與報告撰寫、統計軟體操作、廣告企劃案╱文案撰寫、廣告效益評估,"對於公關及時尚產業有高度興趣，思路清楚具有策略分析能力，細心負責有責任感，中文寫作能力佳, 英文說寫流利,  國外留學學歷者佳。"
"行銷專員（薪優）$30,000 以上",行銷業務（網路、實體通路）相關銷售企劃。 部門相關文件之整理、分析、建檔以及追蹤。 主管交辦事宜、部門支援 ，於有效時間內完成工作。,行銷企劃人員、網站行銷企劃、業務助理,"30,000~32,000元",台北市內湖區潭美街558號,行銷製作物規劃與執行、品牌行銷管理、提案與簡報技巧、實體活動規劃與執行、網路活動規劃與執行、行銷宣傳預算編製與控管、行銷策略擬定、產品開發預算與成本控管、顧客關係管理、社群媒體經營管理、市場調查企劃與執行、市場調查資料分析與報告撰寫、統計軟體操作,未填寫
【日商】數位廣告操作人員(美妝品保健食品) 活用日文,✨✨✨『Best Companies to Work for in Asia 2019』を受賞！！✨✨✨ ➔https://reurl.cc/vrz5a  STAR TO ASIAは新しいことに挑戦するあなたを全力で応援します。 ～挑戦・進化・楽しむ～  ★挑戦：困難を恐れず、挑戦する情熱と覚悟がある ★進化：刻々と変化する環境に合わせ、柔軟かつスピーディーにアップデートする ★楽しむ：失敗さえも成長の糧とプラスに転換し、仕事やプロセスを楽しむ  【企業規模擴大，持續招募優秀人才】  ※歡迎到粉專了解我們的企業文化:D https://www.facebook.com/startoasia/  如果您對網路媒體充滿熱情以及無限想像， 想更了解Google/Facebook/Yahoo/Line， 想要在網路媒體平台中挑戰更深入的投放操作與媒體行銷， 您就是我們在找的人！歡迎寄出您的履歷表給我們！   【工作內容】  ☆網路廣告平台投放操作，追蹤素材、文案成效  ☆對應客戶的廣告規劃，調整廣告行銷活動  ☆分析廣告成效報表 ，定期對業務、客戶報告廣告成效及改善方案提供 ☆定期回報負責案件情況與業績達成進度   【希望條件】  ☆日文N2以上  ☆充滿行動力、自動自發，具危機與問題處理能力  ☆對數字改善充滿熱情，勇於測試不怕失敗 ☆個性樂觀  【有下述經驗加更多分】  ☆操作過Facebook、Google、Yahoo、Line  ☆沒有操作過，但有針對上述平台製作過素材、文案者  ★聽聽社員怎麼說： http://bit.ly/2RbGJMc  ★社員インタビューはこちら↓ http://bit.ly/2Rer66P,媒體公關／宣傳採買、市場調查／市場分析、行銷企劃人員,"33,000~60,000元",台北市松山區八德路3段36號13樓,Excel、PowerPoint、Word,具相關經驗者、喜愛日系美妝商品，精通日文者尤佳。
統一期貨_【資訊】資料管理分析人員,1.經營分析相關報表製作 2.經營分析相關Powerpoint製作 3.作業管理報表作業 4.商業智慧資料庫分析管理 5.其他主管交辦事項作業 ,行政人員、財務分析／財務人員、資料庫管理人員,"25,000~50,000元",台北市松山區東興路8號B1樓之１,Python、VBA、Excel、Outlook、PowerPoint、Word、Tableau,"1.熟悉Excel及Powerpoint,統計相關軟體2.熟悉微軟Window及Office工具操作3.具使用管理資料庫經驗或懂SQL,ACESS佳4.使用過資料分析工具佳Tableau, Trinity等ETL/BI/ERP工具，或其他Script工具等..5.需很細心有耐性，反應快，主動積極，配合度高，自律能力強，具金融業/資訊背景佳。"
商品開發助理(3C家用處),1.文書處理，廠商聯絡，資料收集鍵入核對，數據彙總。 2.商品開發人員及主管交辦工作事項。 3.Excel報表資料分析，數據彙總。 4.一般行政庶務，主管交辦工作事項。,業務助理、行政助理,"25,000~35,000元",新北市中和區景平路258號1樓,Excel、PowerPoint、Word,"1.會操作office各項文書軟體(熟word、powerpoint、Excel)。2.具團隊合作,溝通協調能力,善於邏輯思考及數字分析。3.需配合加班,並具有積極學習慾望。"
電視通路商品開發助理(美妝保健處),1.文書處理，廠商聯絡，資料收集鍵入核對，數據彙總。 2.商品開發人員及主管交辦工作事項。 3.Excel報表資料分析，數據彙總。 4.一般行政庶務，主管交辦工作事項。,業務助理、行政助理,"25,000~35,000元",新北市中和區景平路258號1樓,Excel、PowerPoint、Word,"1.會操作office各項文書軟體(熟word、powerpoint、Excel)。2.具團隊合作,溝通協調能力,善於邏輯思考及數字分析。3.需配合加班,並具有積極學習慾望。"
AI開發 /Big Data分析工程師,1. 物聯網(IOT)Cloud端平台程式開發 2. 設備管理Web與家電AI應用服務開發 3. 數據資料分析、分析結果線上呈現 ,軟體設計工程師、演算法開發工程師,"32,500~52,000元",新北市中和區員山路579號,Python、R、hadoop、Power BI​,未填寫
專案管理師,1.負責客戶所需的離岸風場環境調查研究計畫。 2.辦理研究計畫相關會議及聯絡事宜。 3.協助資料收集和資料分析(英文報告居多)。 4.編輯、撰寫計畫報告書。 5.主管交辦工作(如行政庶務、客戶或廠商聯繫等)。,其他專案管理師、研究助理、聲學／噪音工程師,"35,000~45,000元",新北市新莊區中正路657之2號3樓,不拘,未填寫
專案執行,目前數位創意的發想與執行、粉絲團經營、廣告媒體購買、以及電子商務是目前公司發展的四大主要方向，公司內每個人負責的工作內容有些許部分會較為瑣碎，但無論小事以至大事，大家都十分樂意相互幫忙，想找對數位產業有熱誠，或迫切想了解的成員一同加入，一起在數位領域耕耘！,廣告AE業務人員、廣告文案／企劃、行銷企劃人員,"28,000~30,000元",台北市大同區延平北路二段61巷2號,Mac/Macintosh、iOS、Windows 10、Excel、PowerPoint、Word,熟悉Adobe系列使用加分！
期貨、證券顧問部行政文書專員,一.資料收集及整理二.協助辦理說明會及內部教育訓練活動三.一般簡易報表編製。四.簡易帳務處理五.客戶資料建檔及編排六.收發公文並處理相關會簽文件,行政人員、資料輸入人員、行政助理,"26,000~35,000元",台北市松山區民生東路四段54號3樓之9,教育訓練總體規劃與績效評估、文件收發與檔案管理、文書處理╱排版能力、行政事務處理、報表彙整與管理、文件或資料輸入建檔處理、文件檔案資料處理、轉換及整合工作、負責文件更新、發行、審核與跟催作業、熟悉文件管制作業程序（DCC）、輸入資料與原始文件檔案比對審核、金融市場分析與資料蒐集、行銷製作物規劃與執行、市場調查資料分析與報告撰寫,具期貨營業員証照者優先考慮，並熟電腦軟體及美編應用者佳。對證券、期貨市場及相關衍生性金融商品具高度興趣學習者者優先考慮。
流行女裝營業主管,銀穗深耕台灣女裝市場35年之久，旗下共有多個品牌，銷售據點遍佈全省，包含 百貨、購物中心、專賣店、加盟店，共計100餘個。目前積極擴大品牌市佔率及營業規模，未來規劃進軍海外地區，與電子商務平台的成立，所以需積極培育人才幹部。 公司具備完整的教育訓練(包含不定期外訓與自行擇課受訓)及升遷機制，各項福利 措施及薪資均屬業界上乘。需要對流行事務、通路管理、營運規劃、市場商品分析… 有興趣及熱忱的你(妳)加入行列，共同打拼。                                                                     於工作中可培養營業分析、年度規劃、企劃行銷、商品管理、店舖管理、人員管理、 顧客管理、市場分析…等能力。 服飾屬於流行行業，非一成不變，靈活具有趣味性；定期巡點及出差 讓工作中充滿樂趣，且時刻都能欣賞到美及流行的事物。 ,國內業務主管、經營管理主管,"42,000~48,000元",台北市中山區民權西路40號、42號5樓,面試技巧、執行日常招募業務、人員培訓、激勵、輔導與管理、薪資談判、工作任務╱業績項目分配、業績目標達成、督導人員工作績效、危機與議題管理、協商談判能力、部門績效目標管理、賣場／門市營運計畫與管理、提案與簡報技巧、實體活動規劃與執行、行銷策略擬定、市場調查資料分析與報告撰寫、業務或通路開發、業績目標分配與績效達成、業績與管理報表撰寫、客訴案件處理, 
遠雄房地產-CRM實習生,CRM系統學習與使用. 文書處理、資料匯入、清整、比對、產出。 基礎資料分析。,工讀生,"23,100~26,500元",台北市信義區松高路1號23樓,Excel、PowerPoint、Word,"1.主修統計，或商管系佳、對數字敏感、具細心耐心2. 熟悉Office操作使用尤佳3.細心度高、具耐心及溝通能力4. 本職缺為長期實習生，需能配合工作至少1學期需長期，五專或大學在職生可。 "
產品企劃開發人員,1.進行商品管理、規劃、設計、推廣及開發協調。 2.制定新產品規格，評估開發的可行性，進行導入並控管時程。 3.進行商品市場資料分析與商品定位，發展產品行銷策略，並進行價格策略的制定。 4.執行市場與產品趨勢調查，提供研發部門做為新產品開發的參考。 5.進行通路推廣，統籌產品行銷活動、文宣製作與客戶說明會之規劃。,產品行銷人員、產品企劃開發人員、產品企劃主管,"30,000~45,000元",新北市新店區新店捷運站步行5分鐘,不拘,未填寫
【日商綜合職】整體行銷規劃專員 保健保養品,✨✨✨『Best Companies to Work for in Asia 2019』を受賞！！✨✨✨ ➔https://reurl.cc/vrz5a  STAR TO ASIAは新しいことに挑戦するあなたを全力で応援します。 ～挑戦・進化・楽しむ～  ★挑戦：困難を恐れず、挑戦する情熱と覚悟がある ★進化：刻々と変化する環境に合わせ、柔軟かつスピーディーにアップデートする ★楽しむ：失敗さえも成長の糧とプラスに転換し、仕事やプロセスを楽しむ  想在行銷領域一展長才、但又不想被侷限嗎？  亞星通誠徵「整體行銷規劃人員」， 在新興部門中與夥伴一起負責日系美妝、保健食品企業的整體行銷規劃。 從一開始的商品開發、企劃到廣告操作，物流作業掌控到後續客服。 全都可以一手掌握和嘗試！  ※歡迎到粉專了解我們的企業文化:D https://www.facebook.com/startoasia/  【工作內容】 ● 商品開發(資料登錄、出貨、退貨、退款)、商品企劃。 ● 廣告操作及分析。（網路廣告應用、電視廣告實施） ● 商品進出口物流確認、廣告操作到出貨包裝全面性事務 ● 部門內物流及客服兼職人員管理及教育。 ● 掌握通信販賣整體狀況。 ● 客服中心、廣告、報關、會計相關業務支援  將會從頭開始學習-Direct Marketing的相關知識。 ※活用日語、肯學習、勇於挑戰、協調能力好、     有行銷、顧問、電話客服相關經驗者，優先面試。  【需求條件】  1. 具日文日常會話以上，能流暢溝通者 2. 細心謹慎、應對良好者佳  【工作魅力】 1. 學習-Direct Marketing相關知識，了解日本通販企業如何進軍台灣市場。 2. 了解通販事業的廣告行銷如何進行，及其知識技能。  【我們希望能找到這樣的你】 ☆具成長與挑戰意識 ☆重視團隊合作　　　　　　　 ☆充滿行動力、自動自發　　　 ☆具危機與問題處理能力 ☆具談判溝通能力  ★聽聽社員怎麼說： http://bit.ly/2RbGJMc  ★社員インタビューはこちら↓ http://bit.ly/2Rer66P  ,品牌宣傳及媒體公關人員／主管、產品企劃開發人員、產品行銷人員,"33,000~60,000元",台北市松山區八德路3段36號13樓,專案成本╱品質╱風險管理、專案規劃執行╱範圍管理、品牌行銷管理、網路活動規劃與執行、廣告製作規劃與執行、產品開發預算與成本控管、廣告預算控管、顧客關係管理、社群媒體經營管理、市場調查企劃與執行、市場調查資料分析與報告撰寫、傳播媒體採購規劃、廣告企劃案╱文案撰寫、廣告效益評估、廣告創意發想與提案、客戶情報蒐集、客訴案件處理、產品進銷存統計分析、產品介紹及解說銷售,  
【金融科技人才招募】數據暨客群經營分析師,【金融科技人才招募】 #假日面試，年後上班 #12/28假日面試會  【工作內容】 1. 規劃客群專屬行銷活動，追蹤並提出改進建議，找尋關鍵誘發成功因子。   2. 客戶行為及消費數據洞察分析，擬定商業決策。  3. 跨產業結構化與非結構化資料之萃取、探勘與分析，洞察客戶偏好屬性，建置預測及分群模型挖掘潛在客群，建構「數據驅動」之新興商業模式。  4. 蒐集產業資料，觀察趨勢變化，探索潛在商機。  【面試流程】 1. 視訊面試、資訊相關測驗 2. 12/28(六)初試(一週內通知面試結果) 3. 1月初複試,行銷企劃人員、活動企劃人員、市場調查／市場分析,待遇面議,台北市信義區,Python、ANSI SQL、MS SQL、PL/SQL、Google Analytics、SAS,"【應徵資格】1.學歷系所：大學、研究所資訊/統計或商學管理相關系所畢   2.工作經歷：具2年以上工作經驗  【其他條件】　　　　1.具備能力： (1)具備SQL或SAS程式撰寫能力。(2)商業數據分析2年以上經驗，具數位分析經驗尤佳。  (3)具獨立作業及執行能力，善於跨部門溝通協調。 (4)思考邏輯清晰、分析能力強，具簡報技巧且擅長視覺化圖表之分析工具使用。 2.加分條件： (1)熟悉信用卡、新興支付市場運作機制。 (2)具Python、R資料分析程式能力或Google Analytics工具使用能力。(3)熟悉資料庫、機器學習及大數據架構經驗者佳。"
新媒體內容編輯,我們正在尋找對於運動文化、網路媒體與時尚潮流相關領域充滿熱情的夥伴！如果你熱愛發掘新鮮事物，並擅長以文字搭配影像，歡迎你加入我們的戰隊，一起打造台灣最好看的運動人物新媒體！   工作內容： 1.	內容編輯：撰寫與編輯每日網站文章、粉絲團內容  2.	專題企畫：掌握運動、流行趨勢，企劃原創主題內容  3.	專訪執行：尋找、接洽、協調適合的品牌與人物進行專訪 4.	素材企劃：圖像、影音、廣告素材規劃，與內部設計溝通製作 5.	網站經營：上稿、編排、更新、除錯。分析數據(GA)，達成網站KPI  6.	社群經營：臉書粉絲團、IG經營，針對時下話題操作粉絲團，找新鮮梗與網友互動  具備條件： 1.	文字能力佳，具影像美感，邏輯清晰，快速掌握重點 2.	對人物寫作＆潮流運動風尚有熱情與獨到觀點 3.	有平面、網路媒體或品牌溝通相關工作經驗佳 4.	對社群話題的敏感度高、並熱愛嘗試不同的社群宣傳方式。   5.	個性樂觀、開朗，具良好的溝通與團隊合作能力,網站行銷企劃,"28,000~40,000元",台北市中山區松江路,Excel、PowerPoint、Word、中文打字50~75,"• 具社群或網站經營相關經驗（附上自己經營過的網站、寫過的文章、粉絲團、IG或作品集）  • 熟悉運動、流行、時尚、潮世代等議題尤佳"
整合行銷助理 - 學生實習(A),*** 我們並非徵求寒暑假實習，而是長期的實習工作（至少一年以上）; 應徵時請一併提供每週一至週五可以實習的時段。感謝！***  1.內部外部聯繫溝通。 2.協助專案推動。 3.行政庶務、資料建檔、文書處理。 4.執行主管交辦之其它工作。 5.進行網路行銷及服務的成效追蹤。,行銷企劃人員、產品行銷人員、行政人員,,台北市信義區忠孝東路五段508號8樓,Excel、OneNote、Outlook、PowerPoint、Project、Word,"1. 熱愛網路、熱於學習2. 態度認真負責3. 對網路資訊有興趣者4. 熟悉Office 軟體操作5. 領導社團活動經驗6. 有責任感、開朗、自信、細心者7. 英語流利 或 3C重度使用者，優先錄取。"
專案工程師,從事離岸風力發電水下監測及檢測作業相關工作 1. 場址環境調查、水下噪音監測、施工環境監測等規劃與執行 2. 現場安全衛生(HSE)管理(需有相關證照或有意願考照)。 3. 水下檢測之工作規劃、執行、資料分析、撰寫報告。 4. 與客戶及相關協力廠商協調現場作業時程。 5. 英文能力要求多益成績700分以上，或在學英文成績85分以上。,量測／儀校人員、環境工程人員,"35,000~50,000元",新北市新莊區中正路657之2號3樓,不拘,"1.海洋、造船及機械相關科系畢業者佳，具有相關工作經驗者優先錄取。2.具備英文技術文件閱讀能力。"
BI Java Devloper,"產業資料分析 （business intelligence)Java, ETL, CUBE使用工具：Analyzer, MSSQL",軟體設計工程師、Internet程式設計師、資訊助理人員,待遇面議,台北市內湖區,Java、JSP、ETL、MS SQL、OLAP、J2EE,analyzer
系統管理工程師(無經驗可),"歡迎有志從事： 1.負責主機系統管理、資料庫管理建置及維運。 2.網路規劃及管理。 3.網路安全架構建置,維護及網路資料分析。",網路管理工程師、MIS程式設計師、資料庫管理人員,"34,000~50,000元",台北市中山區/新北市三重區,Linux、Vmware,"1.熟悉 UNIX/Linux、Windows 系統管理及虛擬化/雲端應用者佳。 2.熟悉 Oracle、MS SQL、DB2 等關聯式資料庫管理者佳。 3.具網路管理、VM WARE、微軟或LINUX平台伺服器管理經驗佳。4.具網路相關證照或資安相關管理經驗尤佳。"
★固定班★稽核專員,1、每日需稽核帳務及明細，對數字敏銳度高。 2、excel應用熟練，邏輯性高 (EX：樞紐、篩選、函數等...)。 3、資料分析及問題彙整。,稽核人員、行政人員、其他客戶服務人員,"30,000~40,000元",台北市松山區敦化北路170號5樓B1室,Excel、Word,"1、無經驗者可，公司提供完整教育訓練。2、穩定性高者，優先考慮。3、試用期過後享有【每個月績效獎金制度】。 ＊重視員工福利的幸福企業。＊排班制，無月底、月初不能休假的困擾。＊同事相處融洽，誠摯邀請您一同加入打造屬於我們認真又歡樂的團隊。"
產品行銷專員,1. 依公司或客戶需求，執行年度研習會之行銷規劃、資料分析與原廠資料翻譯。 2. 與各部門溝通，以了解產品特色及市場需求。 3. 粉絲專頁之經營及知識平台之維護。 4. 協助辦理各項計畫、標案及管考作業之相關行政工作與業務。 5. 除例行性指定業務外，亦需配合辦理臨時交辦事項。  -- 加分條件 --- 細心！耐心！因為主管會不斷地想修改到最好。 高效率！懂得自我管理進度，及內容完成度，準時回報。,產品行銷人員、網站行銷企劃、行銷企劃助理,"30,000~35,000元",新北市板橋區文化路一段266號16樓之1,不拘,"1.碩士或學士學位，具生物科學相關科系及背景者尤佳。2. 工作態度認真細心、配合度高，有獨立作業及良好人際溝通能力，且具敬業負責之特質。3. TOEIC 650分以上尤佳（至少550分）4.週休二日，若有假日班依公司規定補休"
技術工程師,"職務特質： 自學能力、主動性、解決問題  1. 鑽研技術的能力與定性 2. 經教育訓練後，參與系統規畫設計，查修與維護工作 3. 資料分析、文書處理能力 4. 需英語溝通能力 5. 中英、英中翻譯技術文件 6. 其他主管交辦事項  內勤外勤比例(依專案而定)： 內勤 60%~80% 外勤 40%~20%  Self-Learner, Active, Problem-Solver  As a team dedicated in railway, we aim to provide professional service to our customer with highly reliable technologies. It is both challenging and exciting to pursue the project milestones from office to site. We coordinate all parties in projects to reach win-win situation.  1. Open up engineering opportunities for railway vehicles or signalling. 2. System Application Design, Coordinate on site trouble shooting and maintenance after training.  3. Data analysis and document handling.  4. Communicate with foreign provider in English 5. Translate document in both English-Chinese and Chinese-English",業務支援工程師、FAE工程師,待遇面議,新北市中和區中山路二段351號3樓之3,不拘,"請附中文自傳, 多益500分以上佳"
品牌國際行銷企劃 行銷專員（越語母語 Tiếng Việt、中文＋英文）,主要工作內容：  越南與台灣社群媒體行銷： 1. 越南社群平台經營規劃與執行 (FB、instagram等新媒體平台） 2. 公司越語網站規劃與執行 3. 越南本地客戶服務(網路) 4. 越南電商平台規劃與執行 5. 越南市場訊息收集與分析、競爭者分析等 6. 品牌活動規劃及廣告文案發想 7. 協同東南亞各國PM策略擬定與專案執行  越南客戶關係管理(B2C/KOL)： 1. 越南KOL客戶開發與關係維護 2. 共同協助導入CRM系統 3. 客戶開發規劃、客戶關係管理流程優化與執行。  國際市場開發(英語系國家)： 1. 協助或主導國際新興市場開發 2. 協助新興市場發展與行銷  需以越語為母語或多年使用越語經驗 為溝通辦公室內便利，需有台灣留學經驗，中文溝通、閱讀無礙， 限大學以上學歷！  歡迎積極、對工作熱忱、有企圖心、獨立、自我管理能力 有靈活腦袋、獨立自主能力的年輕朋友一起為Made in Taiwan產品推廣至全世界！  歡迎職場新人投遞履歷(5年以內)， 薪資與獎金制度依工作經驗、工作熱誠等議定。,行銷企劃人員、國外業務人員、廣告文案／企劃,"28,000~34,000元",台北市松山區復興北路1號15樓,Excel、PowerPoint、Word,未填寫
專案企劃人員,1.專案企劃相關工作技能，須有企劃實務經驗 2.能獨自運作專案 客戶維繫與經營  3.提供客戶專案諮詢服務及解說  4.企業培訓、輔導、新品上市專案企劃及控管  5.執行新專案之規劃、執行、掌控、成本控制及結案  6.大型項目開發、企劃、招投標  7.需具備office系統操作(word excel powerpoint...)及文書檔案整合能力,行銷企劃人員、其他客戶服務人員、其他專案管理師,"26,000~35,000元",台北市大安區信義路四段235號14樓之3,行銷製作物規劃與執行、異業合作規劃與執行、提案與簡報技巧、實體活動規劃與執行、網站企劃能力、網路活動規劃與執行、廣告製作規劃與執行、研討會／講座活動規劃與執行、品牌知名度推廣、顧客關係管理、公關活動規劃與執行、公關新聞稿撰寫與報導、活動主持與場控、市場調查企劃與執行、市場調查資料分析與報告撰寫、問卷設計,1.優秀寫作能力、文筆佳、整合力強 2.熟練操作office軟體，文字輸入速度50字/分鐘 3.細心、反應靈敏 4.富有工作熱情、樂於挑戰、積極，具有團隊合作精神 備註：面試時需做基本office操作測試.
產品經理 (泛立訊集團),1. 撰寫產品需求規格、專案計劃、產品管理及上線運營。  2. 市場資訊蒐集與產品應用發展趨勢分析，具包裝產品或企劃產品能力。  3. 跨部門溝通，確保合作暢通與效率，推進產品上線等協作產品發展與應用。  4. 對產品進行資料分析，持續改善，與客戶產品介紹及洽談合作案。,專案管理主管、其他專案管理師,待遇面議,新北市中和區,Excel、PowerPoint、Word,"1. 可接受出差2. 具3C產品經理或相關經驗"
技術助理,"1. 參與軌道車輛號誌工程相關業務之開發 2. 經教育訓練後，參與系統規畫設計，查修與維護工作 3. 資料分析與文書處理 4. 與供應商以簡單英語溝通 5. 中英、英中翻譯技術文件  As a team dedicated in railway, we aim to provide professional service to our customer with highly reliable technologies. It is both challenging and exciting to pursue the project milestones from office to site. We coordinate all parties in projects to reach win-win situation.  1. Open up engineering opportunities for railway vehicles or signalling. 2. System Application Design, Coordinate on site trouble shooting and maintenance after training.  3. Data analysis and document handling.  4. Communicate with foreign provider in English 5. Translate document in both English-Chinese and Chinese-English",業務支援工程師、FAE工程師,"32,000~36,000元",新北市中和區中山路二段351號3樓之3,不拘,"請附中文自傳, 多益400分以上"
品牌國際行銷企劃 行銷專員（泰語母語 ไทย、中文＋英文）,主要工作內容：  泰國與台灣社群媒體行銷： 1. 泰國社群平台經營規劃與執行、客戶服務 (FB、instagram等新媒體平台） 2. 公司泰語網站規劃與執行 3. 協助泰國經銷商經營泰國市場 4. 泰國電商平台規劃與執行 5. 泰國市場訊息收集與分析、競爭者分析等 6. 品牌活動規劃及廣告文案發想 7. 協同東南亞各國PM策略擬定與專案執行  泰國客戶關係管理(B2C/KOL)： 1. 泰國KOL客戶開發與關係維護 2. 共同協助導入CRM系統 3. 客戶開發規劃、客戶關係管理流程優化與執行。  國際市場開發(英語系國家)： 1. 協助或主導國際新興市場開發 2. 協助新興市場發展與行銷  未來需於泰國出差、協助泰國代理商經營泰國市場 需以泰語為母語或多年使用泰語經驗，英語 為溝通辦公室內便利，需有台灣留學經驗，中文溝通、閱讀無礙， 限大學以上學歷！  歡迎積極、對工作熱忱、有企圖心、獨立、自我管理能力 有靈活腦袋、獨立自主能力的年輕朋友一起為Made in Taiwan產品推廣至全世界！  歡迎職場新人投遞履歷(3年以內)， 薪資與獎金制度依工作經驗、工作熱誠等議定。  （本公司資格可申辦合法工作簽證，目前亦有外籍同事） （如無法直接閱讀、理解上述中文說明達八成以上，請勿投遞履歷）,行銷企劃人員、國外業務人員、廣告文案／企劃,"28,000~34,000元",台北市松山區復興北路1號15樓,Excel、PowerPoint、Word,"1. 平常關心泰國時事，瞭解泰國年輕人談論話題與思考邏輯2. 需有商業思維3. 無論原本出身為何，需尊重各地民眾，拒絕階級與種族歧視"
行銷企劃人才,1)市場及消費趨勢調查與分析 2)產品上市計劃擬定與執行 3)品牌活動規劃與執行 4)內外部提案與簡報 5)網站及社群媒體維護與運作,產品企劃開發人員、市場調查／市場分析、行銷企劃人員,"30,000~40,000元",台北市中正區新生南路一段116號,行銷製作物規劃與執行、品牌行銷管理、提案與簡報技巧、實體活動規劃與執行、網站企劃能力、研討會／講座活動規劃與執行、行銷宣傳預算編製與控管、品牌知名度推廣、社群媒體經營管理、活動主持與場控、市場調查企劃與執行、市場調查資料分析與報告撰寫、網站流量成效追蹤、廣告企劃案╱文案撰寫、廣告效益評估、各式影片剪接後製作業、執行影片拍攝作業、執行攝影作業、影像輸出作業、操作使用各式相機及週邊設備功能,"1.對食品、餐飲或烘焙有興趣為佳2.擅溝通表達，內外協調整合；   團隊合作意識高，抗壓性強3.能配合工作需要出差"
實驗室操作技術人員,"分生實驗室管理與實驗操作 負責核酸萃取, 分生技術操作, 儀器操作與保養 數據資料分析 協助處理分析報告",生物科技研發人員、研究助理,"36,000~40,000元",台北市內湖區,不拘,未填寫
程式設計師,1、資料分析及數位創新專業 2、需求分析、系統架構分析與設計 3、熟悉PL/SQL資料庫語言佳 4、熟悉D2000 ASP net佳,軟體設計工程師、MIS程式設計師、Internet程式設計師,待遇面議,台北市內湖區瑞光路188巷51號4樓,不拘,"具有良好的邏輯分析能力對資料創新應用有高度熱誠"
行銷企劃-在學實習生,"1.	遊戲線上/線下行銷企劃, 計畫編寫, 執行 2.	行銷活動成果分析 3.	創意發想與構思  ",行銷企劃人員、廣告文案／企劃、品牌宣傳及媒體公關人員／主管,,台北市松山區,危機與議題管理、協商談判能力、行銷製作物規劃與執行、異業合作規劃與執行、提案與簡報技巧、實體活動規劃與執行、廣告製作規劃與執行、行銷宣傳預算編製與控管、品牌知名度推廣、廣告預算控管、社群媒體經營管理、公關新聞稿撰寫與報導、公關議題與危機處理、市場調查資料分析與報告撰寫、傳播媒體採購規劃、廣告企劃案╱文案撰寫、廣告效益評估、廣告創意發想與提案、文書處理軟體操作、簡報軟體操作,"1.	對潮流/流行趨勢靈敏的Trend Leader2.	經驗不限3.	具有有很多創意，讓人眼睛一亮的想法4.	善於溝通表達、執行力強者5.	對於數字數值靈敏者 具以下能力者可獲得優先錄取機會1. 具外語能力(英文/日語/韓文/泰文)2. 具線上行銷或是社群營運相關經驗3. 對線上遊戲以及手遊有興趣，或是熟悉遊戲業界者"
【總公司】北區◇業務助理 ///Excel熟練///,1.熟文書作業佳(ex:Excel、PowerPoint、Word) 2.精通Excel報表資料分析及數據彙總 3.一般行政庶務及主管交辦工作事項 4.作業系統操作與資料維護 5.協助專案執行、規劃 6.耐心、細心，對不動產有強烈企圖心。    **工作會大量使用excel，excel能力強者為佳(精通:函數/圖表/樞紐分析/合併計算..等應用)**  ///歡迎想接受挑戰，企圖改變，追求更高成就的各路人才加入///,業務助理、行政助理,"30,000~45,000元",新北市中和區景平路188號2樓之1,文件收發與檔案管理、文書處理╱排版能力、行政事務處理、報表彙整與管理、電話接聽與人員接待事項、文件或資料輸入建檔處理、文件檔案資料處理、轉換及整合工作、零用金管理,未填寫
品牌行銷企劃 專員,「這不是只需完成主管交辦事項的職位， 我們希望妳/你有獨立作業及解決問題的能力！ 但 絕對不是 會讓你爆肝的工作。 如果只想有份工作、領薪水輕鬆做，請參考其他工作，謝謝！」   主要工作內容： 社群媒體與行銷： 1. 社群平台經營規劃與執行 (FB、instagram等新媒體平台）。 2. 品牌活動規劃及廣告文案發想。 3. 台灣及海外市場訊息收集與分析、競爭者分析等(必須有英文能力) 4. 與PM協同作戰與專案執行 客戶關係管理： 1. CRM系統資料收集與分析 2. 客戶關係管理流程優化，客戶忠誠計畫規劃及執行。  歡迎積極、對工作熱忱、有企圖心、 有靈活腦袋、獨立自主能力的年輕朋友一起為MIT產品推廣至全世界！  工作環境輕鬆，人員少、空間大、不需刻意打扮化妝、輕鬆坐 無辦公室霸凌、無派系、無人事鬥爭、無須刻意討好主管， 大家會互相協助、討論完成工作目標！  為方便溝通及工作順利， 限知名公私立大學日間部商管法相關學院畢業，謝絕理工醫學院，謝絕專科、高職 目前常駐台北辦公室大部分為台政清畢業，我們亦竭誠歡迎知名國立大學、淡大、輔大、東吳、世新、銘傳、實踐等北部知名私立大學畢業生。  歡迎新人投遞履歷(三年以內、含畢業後無工作經驗)，此職位並無意找行銷主管。 薪資依工作經驗、畢業學校、工作熱誠等而定!,行銷企劃人員、網站行銷企劃、行銷企劃助理,"28,000~35,000元",台北市松山區復興北路1號15樓,行銷製作物規劃與執行、品牌行銷管理、異業合作規劃與執行、提案與簡報技巧、網站企劃能力、網路活動規劃與執行、廣告製作規劃與執行、研討會／講座活動規劃與執行、行銷宣傳預算編製與控管、行銷策略擬定、品牌知名度推廣、產品開發預算與成本控管、廣告預算控管、顧客關係管理、社群媒體經營管理、市場調查企劃與執行、市場調查資料分析與報告撰寫、問卷設計、網站流量成效追蹤、廣告企劃案╱文案撰寫,"加分條件1. 英文閱讀能力佳2. Excel 基礎分析技巧3. 對影片拍攝/剪輯 有經驗與興趣4. 喜歡研究、蒐集與分析資料5. 喜歡胡思亂想、天馬行空6. 喜歡小動物"
產品設計助理,1. 結合人因工程、素描、美學。材料特性、運用打版、縫製及其他相關技巧；蒐集、分析流行情報與市場資料，針對特定對象之需要，設計產品，並表現個人的創作風格。 2. 提出詳細的設計圖稿，並標明使用材料、色彩、尺寸、處理方法，及必要之圖案設計。 3. 與客戶 & 工廠充份溝通，必要時，得修改設計，使成品更臻完美。 4. 製作簡報或準備資料。 5. 具備設計思維、觀察力和同理心。 6. 具備獨立作業能力。,設計助理、服裝／皮包／鞋類設計、商業設計,"26,000元以上",台北市中山區民生東路一段43號七樓,Excel、Outlook、PowerPoint、Word、Adobe InDesign、Adobe Photoshop、Illustrator,"能夠協助從研究、用戶體驗、資訊架構、使用者介面等等一路幫忙到開發、測試驗證。 各種研究協助：尋找用戶需求與痛點、內部訪談收集各個相關利益者的商業需求、挖掘產品洞見、製作用戶旅程、市場研究與競品分析等等各種研究方法。 協助問題定義與解法發想：能夠協助將研究成果轉化成必須要被解決的問題，並且一起帶領Brainstorming和團隊一起發想解法。 協助產品策略與願景：不僅是短期的設計任務，也能將產品洞見貢獻回到較High level與長期的產品策略規劃。 用戶體驗設計：從Wireframe、介面與流程、產品原型，能夠用各式各樣的方法把點子視覺化，以此作為日後團隊討論、測試與收集回饋的原型。 回饋收集與調整：團隊溝通與回饋，接收大家的建議和想法來做適當的產品設計調整。 初期產品驗證：易用性測試、快速利用簡單mockups或prototype驗證各種想法與點子！ 開發難度估計：評估並幫忙簡單確認設計的可行性。 開發確認：與工廠合作並確認開發細節 QA測試：協助確認設計細節是否合乎預期的功能、互動、和相關設計規範。 後期驗證：進行問卷調查或follow-up深度訪談等等，協助釐清產品改動的好壞、或者找出產品實驗失敗的原因，並探討後續優化迭代可能的方向。 負責用戶研究、出設計稿、收集處理設計回饋的負責人，主導研究計畫與執行、負責所有跟設計稿有關的大小事，主動對內對外收集設計回饋並且調整。"
資訊專案實習生,"◯如果您具有以下的特質，熱誠歡迎您加入我們的團隊。 ■ 熱情、責任感、積極參與、樂於分享及邏輯能力。 ■ 想一步增進：資料分析能力、程式開發能力、表達溝通能力、問題解決與創造力。  ◯工作條件  ■ 實習期間以時薪計160-210元(依能力考核評定)。  ■ 實習結束後通過評核，即就業轉為全職人員，起薪35,000~38,000/月。 ◯工作內容  1.專案協助。 2.資料庫維護。 3.基本程式測試與撰寫。",Internet程式設計師、資訊助理人員、資料庫管理人員,,新北市中和區中正路928號7樓,C#、MS SQL、HTML、Excel、PowerPoint、Word,"■ 態度良好，善於團隊分工合作且具強烈責任感。 ■ 願意與同儕同事溝通學習，不把難處放心中。"
雲端工程師 Cloud Engineer,"1.	使用SQL, Python and Google Cloud Platform 處理多種數據來源的ETL工作 2.	協助數據分析師整合數據源及確保數據正確性以因應專案需求 3.	建立與維護適合的數據工作流(data pipeline)架構 4.	與資料分析師協作，清整出資料分析及機器學習所需之資料格式",軟體設計工程師、韌體設計工程師、其他資訊專業人員,待遇面議,台北市信義區松仁路100號10樓,不拘,"1.	GA/GTM – 埋code，熟悉GA運作原理2.	熟悉SQL、BigQuery3.	熟悉前端(寫過Web)4.	熟悉Python、具備Google Cloud Certification、使用過Cloud Service經驗者尤佳"
行銷業務,1.進行商品管理、規劃、設計、推廣及開發協調。2.制定新產品規格，評估開發的可行性，進行導入並控管時程。3.進行商品市場資料分析與商品定位，發展產品行銷策略，並進行價格策略的制定。4.執行市場與產品趨勢調查，提供研發部門做為新產品開發的參考。5.進行通路推廣，統籌產品行銷活動、文宣製作與客戶說明會之規劃。,行銷企劃人員、產品企劃開發人員、國內業務人員,待遇面議,新北市板橋區實踐路32巷1號9樓,不拘,未填寫
[伴手禮] 產品經理/業務,您將可加入亞洲最大的旅遊電商 並參與新創公司作業方式規劃  業務範圍： -新事業部伴手禮部門之產品開發、管理、維護 -效率管理進銷存流程 -海內外產品開發 -資料分析並提出新策略及開發方向 -快速的試錯及適應能力,網站行銷企劃、產品行銷人員、產品企劃開發人員,"35,000~45,000元",台北市內湖區新湖一路128巷15號5樓,不拘,-具韓文能力者優先錄用
產品企劃人員[台北],1. 進行商品管理、規劃、設計、推廣及開發協調。 2. 制定新產品規格，評估開發的可行性。 3. 進行商品市場資料分析與商品定位，發展產品行銷策略，並進行價格策略的制定。 4. 執行市場與產品趨勢調查，做為新產品開發的參考。 5. 進行通路推廣，統籌產品行銷活動、文宣製作與客戶說明會之規劃。 6. 收集市場訊息，分析趨勢，研究客戶未來需求，建議產品開發方向。 7. 各產品功能規格之設計及維護。 8. 執行新產品開發專案之規劃、執行、設計及發展進度掌控、成本控制。 9. 協助專案之執行、管理、問題追蹤及解決。 10. 負責新產品行銷企劃案之撰寫、規劃與執行。 11. 產品出貨包裝規劃設計，產出行銷工具。 12. 產品型錄規劃設計與維護。 13. 擔任產品訓練講師。,產品企劃開發人員、產品管理師、產品行銷人員,"30,000~40,000元",新北市板橋區三民路二段37號14F-3,不拘,試用期內達到中文輸入法每分鐘６０字以上．
Internet程式工程師,▼ 我們需要這類特質的人才： 　1. 理解良好的團隊合作才能成就良好系統與專案，維持軟體的生命力 　2. 理解負責任務與做一件事情是不同的，我們希望是個能成事的夥伴 　3. 理解開發的世界是多變的，唯有持續不斷的進度，才能維持競爭力 　4. 若具備以上特質，同時你學習力強並有意願轉換技術平台歡迎加入  ▼ 工作環境： 　1. 良好的技術討論氛圍及會議(code review) 　2. 重視開發效率及解決方案，引導當責不卸責的文化 　3. 除了實際應用之外，我們也重視技術的研究與學習，必要時外派受訓及參加研討會  ▼ 工作使用技術及工具介紹： 　Visual Studio 2015/2017、MSSQL、Windows Service 　C#、ASP.NET MVC、ASP.NET WebApi、TFS、T-SQL 　HTML、CSS、JavaScript、jQuery、Vue.js 　arcgis api for javascript 、google maps js api  ▼ 工作內容包含： 　◆ 開發Web GIS 與MIS系統(前後端) 　　◇ 建置地圖應用與視覺化展示系統 　　◇ 開發空間儀表板功能提供決策分析 　　◇ 透過前端技術(Angular.js/Vue.js)搭配.Net MVC架構重新詮釋後台管理功能 　　◇ 納整既有成果，萃取為模板供專案快速開發及重複使用  　◆ 資料蒐集與數據分析應用 　　◇ 公私有雲資料蒐集與系統介接開發 　　◇ 依據資料特性建置對應的儲存格式、預存程序及函式 　　◇ 因應功能應用及資料分析，定期更新及維運資料 　　◇ 多維度萃取資料，從中分析出特性，協助客戶找尋數據價值  　◆ 客戶端系統更新及問題排除(非駐點) 　　◇ 非駐點 非駐點 非駐點 (很重要所以說三遍) 　　◇ 讓開發人員更有機會實際瞭解客戶需求，配合迭帶週期開發，實際符合客戶情境 　　◇ 因應資安潮流，透過弱點掃描工具，定期排除資安風險 　　◇ 完整上線程序建置，配合客戶資安稽核規範，讓上線作業不再是個煩惱,Internet程式設計師、軟體設計工程師、其他資訊專業人員,"40,000~80,000元",新北市中和區建一路186號11樓之4(遠東世紀廣場),不拘,"▼ 工作基本需求：　(必備) 具備良好的中英文鍵盤盲打能力　(必備) 良好的溝通及邏輯能力與團隊合作　(必備) 對技術抱持謙虛與持續學習的心態　(加分) 懂得編寫易懂且容易維護的程式碼 ▼ 工作專業需求：　(必備) 瞭解基礎 HTML/CSS/JavaScript/jQuery(含 ajax) 撰寫能力　(必備) 瞭解瀏覽器開發者工具使用及偵錯方法　(必備) 瞭解基礎 C#、ASP.NET MVC、ASP.NET WebApi 撰寫能力及機制　(必備) 曾獨立或團隊合作一個以上的專案或產品　(必備) 熟悉Visual Studio 使用　(加分) 使用過OOP(設計原則)或Design Pattern 相關知識在程式設計裡　(加分) 熟悉各瀏覽器的特性與限制，願意嘗試跨瀏覽器的解決方案　(加分) 懂得如何實現RWD 　(加分) 使用過任一前端框架建置功能或專案(如 angular.js、react.js、vue.js 等)　(加分) 熟悉SQL,主要為DML語法(SELECT[JOIN],DELETE,UPDATE,INSERT)"
會計專員,1.傳票之編製與審核。 2.發票開立及其他一般會計帳務處理。 3.處理帳務報表，審核申報營業稅及年度營所稅各項稅務作業 4.應收應付，帳款催收，對帳 5.熟悉ERP作業系統 6.財務資料分析,記帳／出納／一般會計,"30,000~40,000元",台北市大安區仁愛路四段376號5樓,不拘,未填寫
【日商 はま寿司】HAMA壽司 品牌助理 (諳日文),1.執行主管交辦事項。 2.協助品牌人員處理各項業務相關之事務。 3.協助並支援店鋪各項活動和工作 4.負責品牌的資料分析、各類文書處理及歸檔。 5.店舖總務行政事務作業。 6. 協助日籍主管會議時翻譯   *希望具備日檢N2證照以上,行政人員、業務助理,"31,000元",台北市大同區民權西路104號8樓之一,不拘,"在工作中接觸各式人群，學習成長，容易有成就感，有發展自我實現的舞台。日藉主管現場管理，增加國際觀及生活體驗。"
【すき家SUKIYA】 品牌助理 (諳日文),1.執行主管交辦事項。 2.協助品牌人員處理各項業務相關之事務。 3.協助並支援店鋪各項活動和工作 4.負責品牌的資料分析、各類文書處理及歸檔。 5.店舖總務行政事務作業。 6. 協助日籍主管會議時翻譯   *希望具備日檢N2證照,行政人員、業務助理,"31,000元",台北市大同區民權西路104號8樓之一,不拘,"在工作中接觸各式人群，學習成長，容易有成就感，有發展自我實現的舞台。日藉主管現場管理，增加國際觀及生活體驗。"
社群媒體專案管理師,政府專案執行  對政府活動政策社群媒體經營企劃有興趣  對政策溝通有興趣、邏輯力強 具創造性思考與設計能力，具有視覺美感執行專案腳本創意企畫及提案或美編設計能力 擅長社群經營與資料分析,其他專案管理師、行銷企劃助理、環境工程人員,"28,000~35,000元",台北市中山區復興北路150號13樓之4,Adobe Acrobat、Excel、PowerPoint、Word,未填寫
財務系統會計 30-50K正職 金融業總行 有經驗佳 aa,正職 ● 執行保單之收費系統相關作業、統計資料分析﹑及相關服務窗口系統問題排除，以確認收費業務作業順暢，並符合各項準則與法規 ● 協助規劃與整合系統需求與協助各單位流程優化導入作業、參與收費相關專案的規劃及推動以提昇作業效能 ,成本會計、查帳／審計人員、財務分析／財務人員,"30,000~50,000元",台北市信義區,不拘,"● 具保單收費與帳務作業與SAP系統使用經驗尤佳● 系統邏輯性強尤佳"
特約臨場服務護理人員(雙北),1.一般體格/特殊體格/健康檢查相關評估與管理 2.健康資料分析與分級管理 3.健檢異常人員面談諮詢  4.協助建置及推動新興職業病預防計畫  5.職業傷病相關諮詢與管理 6.協助策劃健康促進活動(友善職場),護理師及護士,"29,000~52,000元",台北市中正區**依特約事業單位公司地址為主，服務區域：台北、新北,普考護士執照、高考護理師執照,"1.須已取得勞工健康服務護理人員52小時結業證書 2.有實際廠護經驗優先錄取3.已取得證書但無實際廠護經驗者，會有專人輔導，完成受訓後再進行特約臨廠服務4.此職缺為正職，兼職勿擾5.通過考核之護理人員配備筆記型電腦一部，並依居住地安排最佳特約臨場服務位置(例如居住於台北市之護理人員，優先安排雙北區域之事業單位)6.希望自備車輛(需會駕駛)"
Java網站工程師,"開發本公司大數據資料分析及呈現之系統，工作內容如下 1. 以Java (JSP)、JavaScript、HTML/CSS開發網站程式 2. 會處理 HTTP/JSON 網路資料傳輸 3. 會寫AJAX或使用過Bootstrap, jQuery, Highcharts, D3.js等任何JavaScript套件 4. 熟悉瀏覽器環境，有優化效能及除錯能力者佳",Internet程式設計師、軟體設計工程師、MIS程式設計師,"33,000~45,000元",台北市大安區信義路四段184號6樓,Java、JSP、HTML,面試時附作品展示更佳
【電商事業】跨境電商營運,"菲德利有限公司代徵才 網址：https://www.flybuddy.com.tw  跨境電子商務購物平台運營,有無經驗皆可 目前公司已在海外多個電商平台做銷售.  營運管理協調及操作內容項目:   1. 營運： 獨立負責管理平台商品與庫存管控。 2. 分析：監控與分析運營狀況。  3. 選品：規律及頻繁的尋找適合海外市場的產品。 4. 合作電商平台經理對接：每日與平台經理聯繫, 協商產品報價, 上下架, 開售, 廣告等。  5. ERP輸入及資料建檔。 6. 客戶來信即時回覆並協助客戶解決問題 。 7. 其他主管交辦事項。  職位需求： 1. 具責任感, 積極學習, 細心, 人際互動良好 2. 邏輯清晰, 善於溝通協調 3. 英文讀寫能力 4. 具備資料分析統計 5. 具有團隊精神, 樂觀, 抗壓性高, 可獨立作業者   因合作平台為歐洲及美洲平台, 需與平台窗口即時聯繫. 故工時彈性. 視需求可以在家作業.  加分：  1. 具備海內外電商平台操作，如Groupon/Rakuten/Lazada/Shopee/Linio/Amazon/eBay/Facebook及其他 2. 讀寫日文or德文or西班牙文or俄文or波蘭文or義大利文  薪資待遇： 底薪+銷售獎金 ",主管特別助理、採購人員、國外業務人員,"30,000~45,000元",新北市中和區建八路16號3F,Excel、Word、Adobe Photoshop、文中系統,未填寫
行銷企劃人員,1. 依公司或顧客需求，做大型事件行銷規劃及執行、資料分析及市場調查 2. 規劃公司或顧客對外的行銷活動與媒體活動，並對其效益進行分析與建議 3. 負責撰寫行銷企畫書、新聞稿 4. 銷售工具選擇、執行產品設計包裝、建立品牌價值 5.行政事務,行銷企劃人員,"25,000~35,000元",台北市北投區立農街一段253號,不拘,需自備機車代步
新加坡子公司門市銷售助理（底薪抽成）,員工的基本素質要求 對【設計師所創造珠寶系列及裸石認識及基本常識】 1.熟悉設計師生命故事 2.清晰設計師設計概念 3.體認設計師創作精神 4.確認設計師作品價值 5.銷售產品/創造利潤/推廣作品/提升價值 6.計畫執行考核實質能力 7.靈活彈性協調能力 8.自我嚴謹鍛鍊產值創造能力 9.納管完成回報各項事務 10.門市各項業務處理 11.門市基礎帳務處理 12.抗壓性高 13.執行力強 14、心胸開闊  磨練 1、門市銷售技巧與能力 2、門市專案活動行銷能力 3、門市年度專案活動企劃/執行/陳展 4、專案活動預期成效達成  薪資結構 底薪加抽成 業績抽成  福利 1、年終 2、績效獎金（業績連續六個月達標區間獎金） 3、三節獎金 4、推廣暨通路開發獎金（實質開發通路且有效益者） ,店長／賣場管理人員、經營管理主管、國外業務主管,待遇面議,台北市信義區光復南路575號,不拘,"**具有駐點新加坡經驗，有品牌行銷經驗者尤佳經驗尤佳精神與態度面試前請觀看寒戰系列電影。並深刻了解團隊的合作的中立性與「互助制約」的重要性。擁有對所任職的公司所有產品及歷史沿革清晰與熟捻是很基本的工作精神與態度。面試分為初試與複試所有職務在台教育訓練含試用期1個月 (外縣市請自行事先找好住所)符合考核資格才會外派*由於公司目前為開創期，需要有良好的抗壓性高的人才，"
Linux 運維工程師,1. 1年以上的Linux系統使用經驗和系統管理經驗 2. 系統定期維護、及服務上線與更新 3. 應用偵測監控系統 ，掌握系統運作狀態 4. 資料監控、緊急回應、軟硬體異常排除、編寫資料分析報告等 5. 具備 RHCSA 或 RHCE  認證者優先錄取,系統維護／操作人員、其他資訊專業人員,待遇面議,台北市信義區松仁路,不拘,未填寫
資安技術工程師,需求條件： 1.  具備程式語言能力 2.  具備資訊安全知識為佳 3.  具備資料分析知識為佳 工作內容： 1.  惡意樣本分析、漏洞檢測 2.  資安情資收集、分析與彙整 3.  通報/官網等系統維護、測試 4.  資安情資通報與事件協處       ,網路管理工程師、網路安全分析師、其他資訊專業人員,待遇面議,台北市松山區八德路4段123號3樓,不拘,資訊/電機相關系所畢業
[行政]資訊處/資料工程師,1.協助資料分析及探索過程中需要的資料收集與處理。  2.彙整作業需要的資料，進行數據分析，提供管理層決策和各業務所需可運用之資料市集。 3.可獨立或與團隊合作，工作態度積極、負責，能配合公司規定。  ,軟體設計工程師、其他資訊專業人員,"31,000~35,000元",新北市板橋區南雅南路二段21號,不拘,未填寫
午班系統工程師,1. 1年以上的Linux系統使用經驗和系統管理經驗 2. 系統定期維護、及服務上線與更新 3. 應用偵測監控系統 ，掌握系統運作狀態 4. 資料監控、緊急回應、軟硬體異常排除、編寫資料分析報告等 ,系統維護／操作人員、其他資訊專業人員、網路管理工程師,"23,100~30,000元",台北市信義區松仁路,不拘,實際薪資依面談後核定
晚班網管工程師,1. 1年以上的Linux系統使用經驗和系統管理經驗 2. 系統定期維護、及服務上線與更新 3. 應用偵測監控系統 ，掌握系統運作狀態 4. 資料監控、緊急回應、軟硬體異常排除、編寫資料分析報告等 ,系統維護／操作人員、其他資訊專業人員、網路管理工程師,"25,000~30,000元",台北市信義區松仁路,不拘,實際薪資依面談後核定
【AA14007】網路行銷專員 (台北),1.公司產品網路行銷工作  2.經營、規劃產品網路社群行銷  3.規劃、執行網路廣告與分析成效  4.網站內容企劃更新  5.無工作經驗可。 6.薪資待遇：25000元至40000元(含奬金) 對網路社群平台經營有高度興趣佳，具文章撰寫、資料蒐集整理、市場分析/資料分析、美術視覺設計、行銷社群經營經驗者佳。,網站行銷企劃、行銷企劃人員、行銷企劃助理,"25,000~40,000元",台北市中正區忠孝西路,Excel、PowerPoint、Word、中文打字20~50、英文打字20~50,"擅長工具：Google Drive、LibreOffice證照：Google Analytics其它：行銷文案撰寫、網路社群經營"
71210-GIS工程師(內湖),"1.於專案中應用GIS技術分進行資料蒐集、彙整、分析，結果呈現，並創造資料價值。 2.依專案需求分析關鍵資料，並進行空間資料視覺化處理。 3.操作ARCGIS軟體進行圖資分析與處理(ArcMap ,ArcGIS Pro, Portal for ArcGIS...等)。 4.應用Python(ArcPy)進行資料分析與處理。",其他資訊專業人員,"33,000~43,000元",台北市內湖區堤頂大道二段295號10樓,不拘,"1.具地理資訊系統相關經驗或資訊背景者加分。2.具備Python能力並有ArcPy實務經驗者加。3.熟Portal for ArcGIS或其相關之產品之經驗者加分。4.重視團隊精神，積極主動溝通、勇於挑戰、學習意願強、負責任。"
產品專員 Product Specialist,1. 商品管理、規劃、設計、推廣及開發協調。 2. 新產品規格制定，開發的可行性評估，進行導入並控管時程。 3. 進行商品市場資料分析與商品定位，發展產品行銷策略，並進行價格策略的制定。 4. 執行市場與產品趨勢調查，提供部門做為新產品開發的參考。 5. 進行通路推廣，統籌產品行銷活動、文宣製作與客戶說明會之規劃。 6. 產品登記證照申請。,產品企劃開發人員、產品行銷人員,"40,000~70,000元",台北市大同區承德路2段81號14樓之2,不拘,未填寫
【電商事業】電商營運管理專員,"菲德利有限公司代徵才網址：https://www.flybuddy.com.tw跨境電子商務購物平台運營,有無經驗皆可目前公司已在海外多個電商平台做銷售.電子商務網站店鋪營運管理協調及操作內容項目參考: 1. 跨境店鋪前後台管理 2. 商品翻譯、關鍵字優化、產品訂價決策3. 商品上下架與庫存管控4. 監控與分析運營狀況5. ERP輸入及資料建檔6. 客戶來信即時回覆並協助客戶解決問題 職位需求：1. 責任感, 積極學習, 細心, 人際互動良好2. 邏輯清楚, 溝通能力佳3. 英文讀寫能力4. 資料分析統計公司會提供完整教育訓練, 從基礎開始到獨立操作：1. ERP操作2. 產品選品及利潤計算3. 數據分析4. 平台操作5. 文案撰寫6. 其他加分： 1. 具備海內外電商平台操作，如Rakuten/Lazada/Shopee/Linio/Amazon/eBay/Facebook及其他2. 讀寫日文or德文or西班牙文or俄文or波蘭文or義大利文3. 社群行銷/經營經驗,粉絲頁維護管理",主管特別助理、採購人員、國外業務人員,"28,000~38,000元",新北市中和區建八路16號3F,Excel、Word、Adobe Photoshop、文中系統,未填寫
行銷企劃助理,1. 依公司或顧客需求，做大型事件行銷規劃及執行、資料分析及市場調查 2. 規劃公司或顧客對外的行銷活動與媒體活動，並對其效益進行分析與建議 3. 負責撰寫行銷企畫書、新聞稿 4. 銷售工具選擇、執行產品設計包裝、建立品牌價值 5.助理行政事務,行銷企劃人員、行銷企劃助理,"25,000~35,000元",台北市北投區立農街一段253號,不拘,需自備機車代步
[RD] App開發上架專員 (歡迎想轉換跑道工程師加入!),1. 負責iOS App之上架、維護等等相關工作。 2. 熟悉App Store 、Google Play (iOS、Android)上架流程與審查流程。 3. 能與開發商、公司內部其他單位協商、溝通。 4. 邏輯清晰、溝通及表達能力良好。 5. 熟悉資料分析之文書處理工具及文案提報。 6. 有React-Native APP開發經驗加分。 ,廣告文案／企劃、軟體設計工程師、軟體相關專案管理師,"33,000~45,000元",台北市信義區,Adobe Photoshop、Illustrator,"其他條件• 具iOS或Android app上架經驗為必要條件• 能提供App (iOS/ Android)上架作品尤佳• 喜團隊合作, 能接受新事物挑戰• 熟悉操作Illustrator、Photoshop軟體• 多益600以上"
期貨分析師,1.配合公司於媒體及網路經營分析。 2.整理各項期指相關資料分析與研究提供客戶。 3.提供客戶期指及選擇權分析操作服務。 4.指數相關分析報告撰寫及研究。 5.如有經營粉絲公司可配合專案經營。 6.本公司為正派多元經營歡迎一同開創未來。 ,金融研究員、金融理財專員,待遇面議,台北市中正區忠孝西路一段100號9樓,不拘,"思路清昕、五官端正，對金融業有熱忱及企圖心讓你開創自己事業，薪資無上限。需具備期貨交易分析人員證照!!!"
約聘資料輸入人員,1. 資料輸入處理事項2. 資料分析整理3. 工作報表整理4. 其他公司交辦事項具有Excel函數運用能力以及了解統計應用尤佳。※※以下訊息很重要：目前為數個月的短期合約，會視單位需求狀況作調整公司福利: 每月聚餐、表現好還有獎金、公司成立近兩年、夥伴成員皆熱情有活力、歡迎學生族或短期兼差者！,工讀生、資料輸入人員,,台北市大同區承德路二段47號,Excel,未填寫
資訊助理,1.協助專案主管及軟體工程師作資料分析或測試 2.新系統撰寫操作手冊及作業檔案 3.管理、更新、維護系統操作手冊與教育訓練網站 4.配合專案人員教育訓練安排進行使用者操作訓練 5.使用者操作紀錄與教育訓練資料的維護與管理 6.資訊相關文件管理,資訊助理人員、文件管理師、資料庫管理人員,"33,000~35,000元",台北市內湖區,不拘,"1.具備Window Office證照或熟悉Excel函數運用與分析者2.數字觀念好、邏輯強與團隊合作精神3.個性開朗積極細心、願意接受公司培訓"
資料工程師,1. 協助建立非結構化資料庫及其資料分析演算法  2. 負責資料蒐集及處理各項數據、資料建模、ETL流程設計及演算法開發，並經梳理後產出使用  3. 運用平行處理架構設計高效處理與運用巨量資料  4. 負責資料品質之管理及監控，資料反饋及優化之相關機制,軟體設計工程師、資料庫管理人員、其他資訊專業人員,待遇面議,台北市松山區民生東路三段115號,不拘,"1. 具備程式語言及開發的背景，如資訊工程、電機、數學、應數、物理等理工科系 2. 具備資料倉儲概念，並具備基本Machine Learning 相關知識 3. 具備SQL及Shell之技術，或熟悉Python/JAVA等語言 4. 具操作過大型資料集(1TB以上)、Hadoop 資料倉儲或Spark 平行化處理之經驗者尤佳"
【兼職】人力資源部助理,1.協助招募作業 : 包含人才篩選、電訪邀約以及其他任用行政事務。 2.文件整理、人事資料歸檔以及資料分析。 3.協助執行臨時性專案項目、活動舉行。 4.須配合時段 : 平常日彈性09:30 ~ 10:00到班，18:30~19:00下班。 5.合約期間3個月或6個月，依據學習情況與實際表現有機會評估轉正。,人力資源助理、行政助理、工讀生,,台北市大安區敦化南路二段319號,不拘,"1.具基礎電腦文書處理能力2.細心度高、溝通能力及執行能力佳3.相關學經歷背景或學期間實習者佳4.舉辦活動經驗，系學會相關佳"
資訊安全分析師(大數據平台Splunk操作 ),主要為利用Splunk將資訊安全相關設備Log進行正規化、儀表版化。 對資訊安全大數據資料分析、處理、視覺化有興趣者。 工作內容： 1.利用大數據平台Splunk SPL 語法建構SIEM平台所需之資安設備報表、規則與Log解析 2.處理客戶Splunk平台叫修 3.對於資安技術有熱忱者 4.對ELK、Splunk 熟悉者佳 ,網路安全分析師,"40,000~60,000元",台北市內湖區瑞光路,不拘,"    1. 熟悉TCP/IP Protocol 及網路架構。    2. 熟Linux、Windows系統操作。    3. 具備系統及資安領域證照為佳，如CCNA 、RHCE、ISO 27001 LA、Security + 、CEH….等。 優先面試經濟部工業局DIGI⁺ Talent計畫之結訓研習生(IOT)"
【醫藥事業部】研究助理 (醫學中心),(兼職)研究助理 1.申請與執行研究計畫。 2.負責建檔等行政工作。 3.協助操作相關的設備與儀器。 4.協助資料收集和資料分析。 5.協助執行科內研究相關事務,研究助理、專科護理師、其他醫療從業人員,"28,000~40,000元",台北市士林區負責地區:,不拘,"1. 具備小型客車2. 有臨床研究經驗者尤佳3. 具護理背景尤佳"
產品助理,1.進行商品管理、規劃、設計、推廣及開發協調。 2.制定新產品規格，評估開發的可行性，進行導入並控管時程。 3.進行商品市場資料分析與商品定位，發展產品行銷策略，並進行價格策略的制定。 4.執行市場與產品趨勢調查，提供研發部門做為新產品開發的參考。 5.進行通路推廣，統籌產品行銷活動、文宣製作與客戶說明會之規劃。,產品企劃開發人員、產品企劃主管、產品管理師,"28,000~38,000元",台北市中山區敬業三路178號1樓(大直美堤花園,Adobe Photoshop,未填寫
軟體工程師,"1.熟悉Visual Studio 開發環境，具 .NET程式開發經驗(VB, C#)尤佳。 2.具MS SQL資料庫使用經驗，熟悉T-SQL 語法運用。 3.對程式設計具熱誠，有良好溝通能力及團隊合作能力。 工作內容： 1.負責信用卡業務相關應用系統開發維護。 2.負責銀行與電子商務平台之開發維護。 3.負責資料分析與活動相關之系統開發。",軟體設計工程師、Internet程式設計師,"30,000~50,000元",台北市內湖區瑞光路399號4樓之1,ASP.NET、Visual Studio、MS SQL,未填寫
商業智慧(BI)工程師,(1)蒐集與分析使用者需求 (2)規劃與建置資料倉儲 (3)ETL流程設計及客製化程式開發 (4)商業智慧(BI)/資料倉儲/ETL軟體安裝導入建置、使用者教育訓練及系統日常維運 (5)商業智慧(BI)資料整合及資料分析功能開發 (6)商業智慧(BI)報表開發建置及系統維護  ※薪資依學經歷敘薪,電腦系統分析師、軟體設計工程師、營運管理師／系統整合／ERP專案師,"28,000~60,000元",台北市萬華區峨眉街115號6樓,ETL、MS SQL、MySQL,"(1)熟悉任2種以上作業系統安裝與建置(2)熟悉任2種以上資料庫管理系統之SQL語法指令(3)願意主動學習、接受公司培訓(4)具備團隊合作精神、良好的溝通能力與抗壓性(5)具備商業智慧(BI)軟體使用經驗尤佳(6)具備ETL軟體使用經驗尤佳(7)具備商業智慧或資料倉儲相關專案建置與導入相關經驗尤佳"
"資料科學工程師（軟體工程 Data Engineer）-- 資料科學實驗室 (數數發中心, DDT)",我們 資料科學實驗室 的文化- 我們樂於互相分享，也樂於互相學習- 我們有主動發現問題，主動解決問題的特質- 我們的討論風氣興盛，沒有階級之分[ 工作內容簡述 ]基於大數據環境，開發相關資料處理程式與工具，並與資料分析工程師合作進行各項資料服務專案,軟體設計工程師、其他資訊專業人員,"30,000~90,000元",台北市信義區松仁路7號,不拘,[ 必要條件 ]- 主動性高、能適應變化快速的技術與環境- 愛好自我學習、探索與分享的態度- 善於溝通合作- 熟悉以下程式語言(擇一)，並具相關軟體開發經驗    - Scala (優)    - Python- 熟悉 Linux 的環境- 熟悉 Git 版控模式與工具- 具 Hadoop 及相關 Eco-system 概念- 熟悉大數據 ETL，並善於使用以下工具    - Spark    - Hive (beeline)[ 加分條件（非必要）]- 具以下或其他結構化或非結構化數據儲存平台    - Elastic Stack    - MongoDB- 熟悉以下程式語言或框架    - Java    - Akka    - Shell Script    - Functional Programing- 具 UI 開發經驗- 具 API server 開發經驗- 具統計方法、機器學習、或是深度學習相關概念
【總公司】採購部 行政助理,▲工作內容： 1) 系統主檔、特價、 促銷活動資料輸入、報表資料歸檔、資料分析、銷售及庫存管理。 2) 協助主管所負責之專櫃相關事項聯繫以及行政作業。 3) 熟電腦文書操作(Office EXCEL公式運用、函數及其他)。 4) 具行政或採購經驗者尤佳。  ★☆★☆歡迎負責、積極及具團隊合作精神的您，一起加入我們的團隊★☆★☆,行政助理、採購助理、行政人員,"27,000~29,000元",台北市士林區華齡街175號2樓,Excel、Word,※ TOEIC 550分以上
大數據工程師 (Big Data、AI),我們是新創公司找尋一起打拼的夥伴， 提供彈性的上下班時間、自由的工作氛圍，  只要自認為邏輯清晰、對開發產品有熱忱、英文能力強即可! 歡迎對資料倉儲有興趣的新鮮人加入我們!  讓你擁有發揮才華的舞台!!   1.開發大數據資料蒐集、清洗及邏輯處理程式。 2.規劃大數據資料倉儲與應用平台(如：機器學習平台、商業智慧工具)架構。  3.大數據開源方案研究。 4.資料分析演算法研究 5.雲端平台管理 (AWS、GCP),演算法開發工程師、資料庫管理人員、軟體設計工程師,待遇面議,台北市中山區中山北路二段96號後棟9樓918室,不拘,"1.熟悉資料結構與關聯式資料庫存取語言SQL，佳2.具備Java撰寫能力，佳3.具備AI相關理論與工具經驗佳，佳"
資料庫工程師 (MS SQL),"如果你具有MSSQL / MySQL方面的專長,歡迎你投遞履歷 職務內容: 1.遊戲數據統計資料撈取 2.經常性統計需求之Reporting Service製作 3.協助數據分析團隊進行資料分析 4.資料庫維護,備份與管理  本職務具備少量的資料庫管理與大量的數據統計與撈取需求 藉由數據統計資料的擷取,熟悉並且了且遊戲玩家的行為或消費模式 進一步進行數據分析的工作",資料庫管理人員、系統維護／操作人員,"35,000~45,000元",台北市中山區南京東路三段225號7樓,Database Administrator、Database Management、MS SQL、MySQL,"備註:Reporting Service的使用非必備技能,為加分項目"
行銷專員,1.品牌(內外)規劃、資源整合及運用、相關資料分析及建議。 2.相關文案及企劃撰寫、執行、檢討結案。 3.專案/活動/異業洽談之評估規劃與整合執行（含跨部門溝通協調、工作時程安排、後續效益統整...等)。 4.家族品牌的行銷支援、推廣與執行。自媒體經營維護(facebook/Instagram/官網)。 5.簡報製作、文書處理、其他交辦事項完成與回報。   ◎具備能力與特質： 1.擅於團隊合作並可獨立作業。 2.具變通力、執行力、耐挫力。 3.樂觀積極、主動向上，並具360°溝通技巧。 4.餐飲、民生消費品產業行銷操作經驗 2 年以上。 *請提供作品集供參考。,行銷企劃人員、產品行銷人員、網站行銷企劃,"30,000~40,000元",台北市大安區敦化南路1段270巷21號(餐廳),不拘,未填寫
日系品牌電子商務代營運AM專員【日文精通】【全職】,一、客戶關係經營(AM)：客戶資料分析整理、業務流程優化企劃提案、建立信賴關系等。 二、銷售管理系統操作：商品資料登錄、出貨、退貨、退款等。 三、提供第三方物流服務：進貨、出貨、倉儲、流通加工及運輸等服務。 四、外部EC平台代營運：樂天、YAHOO、MOMO等。 五、客服中心、廣告、報關、會計相關業務支援。,其他專案管理師、其他客戶服務人員、行政人員,"23,100~50,000元",台北市大安區仁愛路四段2號10樓(ACCESS),不拘,我們是喜愛日系品牌與善於經營電子商務的團隊。歡迎求新求變、勇於接受挑戰的您加入我們的行列。
Data Analyst,我們正在尋找對資料分析有高度熱忱、同時對應用程式有興趣的你/妳加入CSI團隊 CSI有20多年開發美國警政司法相關專業軟體的經驗，提供系統與資訊整合服務，因應業務不斷成長，需要人才加入。  職務內容 1.分析數據並進一步做資料轉移  2.優化現有工具，加速開發流程 3.與application team合作，維持資料一致性 4.Data modeling 5.有赴美出差機會  工作技能與能力條件 1.熟悉SQL及關聯式資料庫 2.重視邏輯及獨立思考 3.具備獨立開發及協同合作能力,軟體設計工程師、電腦系統分析師,待遇面議,台北市信義區松仁路,MS SQL,"具備碩士學歷尤佳(不限科系)具備良好的英文聽寫能力具備軟體開發經驗尤佳懂ER-Diagram佳 "
【新店耕莘】醫學研究中心~研究助理,1.執掌醫學資料分析實驗中心之研究計畫實驗之執行、實驗數據之分析整理與繪圖 2.協助院內之研究計畫審查之相關行政作業 3.協助舉辦年度學術研究研討會之相關業務 4.協助醫學資料分析實驗中心取得各相關技術之認證與其相關業務之申請作業 5.協助各單位臨床研究相關諮詢 6.舉辦醫事人員暨住院醫師提升研究能力課程 7.負責動物中心使用申請管理、動物實驗計畫書之審查通知與動物管理小組會議之召開 8.隨時接受臨時指派之任務 ,研究助理,"28,200~30,700元",新北市新店區中正路362號,不拘,具有基礎生物醫學研究或臨床醫學研究相關工作經驗者
專案執行 Project Executive ,1. 蒐集需求，針對主題進行市場調研與資料分析（資訊來源以英文為主），有能力整理重點並製作出有邏輯架構的企劃與提案簡報。 2. 與客戶接洽聯繫，能聽懂客戶的需求與問題，充分理解合作目標與優先順序。 3. 根據不同專案目標與內容，與行銷、開發或設計等部門溝通、協作、營運，需要清楚表達自己的需求與時程規劃，及有效地追蹤進度。 4. 熟悉公司開發的產品與發展方向。 5. 其他主管臨時交辦事項，並即時反應專案進度與狀態。 6. 必要時需出差，多為短期出差。,產品管理師、軟體相關專案管理師、產品企劃開發人員,"30,000~45,000元",台北市信義區忠孝東路四段560號2樓,Excel、PowerPoint、Word,"職務需求：1. 一年以上工作經驗，有網路產業相關或商業競賽經驗尤佳。2. 良好的溝通表達，並擁有簡報製作與資訊圖像化能力。3. 具備良好英文聽說讀寫能力。4. 能適應快速變動的網路產業生態，可以快速學習與應變，抗壓性與彈性高。5. 敏銳的觀察力，對文字有一定的理解力，並可有效運用文字。6. 對於 fintech、數位行銷、數據分析、網路科技、區塊鏈、資訊安全產業有興趣。7. 請附上相關作品集。"
行銷企劃文案人員,1. 負責品牌推廣、產品網路行銷以及內容行銷文案撰寫。  2. 協助相關單位提供各類廣宣、媒體文章。  3. 為產品粉絲群提供有價值、有溫度、有文化的內容。  4. 快速駕馭各個文字內容風格，敏銳捕捉熱點，字字觸動人心。  5. 講究互聯網思維、社群生態並熟悉新媒體環境。  6. 瞭解並善用微信傳播、互動執行、內容營運等基本規則。  7. 時時更新網路流行用詞。  8. 具備時尚美妝、醫美相關常識  9. 負責社群相關平台IG/ Line / FB之日常運營，包括內容策劃、資源整合、專題策劃、粉絲運營和資料分析。 10.具有新媒體影音平台內容發想、腳本撰寫提案等執行經驗。,活動企劃人員、網站行銷企劃、廣告文案／企劃,"33,000~45,000元",台北市大安區安和路一段21巷5號,不拘,未填寫
BI策略專員,VeryBuy是一家網路科技公司 我們主要的任務是分析使用者購物需求、優化網站使用者體驗，並做到跨境購物 user們可以選購海內外上萬檔次的商品 同時，享受著我們所提供的獨一無二購物體驗服務  在VeryBuy， 我們接受天馬行空的點子 我們鼓勵你勇敢說出想法 我們期望你不斷突破現況  如果你敢冒險，願意接受快速行動的文化 願意跟我們一起成長、玩耍、飲黃湯 ( 咦！？ 事不宜遲，趕快把你的履歷交給我們吧！  工作內容： 1. 會員行為收集、調查及資料分析運用，透過數據了解會員面貌(personal) 。 2. 協助相關單位建立會員分群經營規劃策略、方案執行與成果分析。 3. BI Dashboard建置與提出相關Insight。 4. 直接對執行長報告，須具備數據撈取的能力。  看更多Verybuy生活可以前往> 企業blog http://bit.ly/32pjLFB,市場調查／市場分析、統計精算人員、主管特別助理,待遇面議,台北市中山區中山北路三段47號5樓,不拘,"1. 具3年以上會員營運分析實務經驗，電商或零售通路產業尤佳。2. 具備數據庫mySQL語法運用能力，熟悉操作資料庫工具，能運用R或Python進行數據分析尤佳。"
資深網站軟體產品經理, 1. 參與產品開發、優化，執行產品市場分析、定位  2. 擬定行銷策略、團隊分工、專案進度控管  3. 具有良好數據解析能力，運用統計和商業分析 4. 負責整體產品規劃、設計與管理  5. 對產品進行資料分析，包含使用者研究與競品分析等，持續改進並解決用戶問題  6. 需進行跨部門的協調溝通（包含旅行社及VR體驗館）進行業務、技術等多方面溝通 7. 排定產品開發之優先順序並管理、追蹤進度 8. 設計質化/量化的產品評估方法來驗證專案成果 9. 管理並追蹤新產品效果，定期產出效能評估報告,產品企劃主管、產品管理師、專案管理主管,待遇面議,台北市中山區民生東路2段143號12樓,不拘,"1. 熟悉各種原型規劃工具2. 有製作Wireframe, Flowchat, User story的經驗與能力3. 有產品營運的經驗（網路/線上服務相關）4. 數據分析能力（熟悉Google Analytics）5. 能以使用者為優先做決策6. 擁有帶團隊的經驗，能幫團隊和個人設定具有挑戰性的目標 7. 擁有敏捷產品開發實踐的了解和使用經驗。  加分條件 1. SA SD經驗2. 優秀的英日文能力3. 曾做過使用者經驗研究 (UX research) 4. 線上服務 / 網路產品經理經驗5. 能夠進行跨部門的協調，並對於各項回饋保持開放的態度"
Apple Wallet票卡產品行銷管理師,1.進行商品管理、規劃、設計、推廣及開發協調。2.制定新產品規格，評估開發的可行性，進行導入並控管時程。3.進行商品市場資料分析與商品定位，發展產品行銷策略，並進行價格策略的制定。4.執行市場與產品趨勢調查，提供研發部門做為新產品開發的參考。5.進行通路推廣，統籌產品行銷活動、文宣製作與客戶說明會之規劃。6.與國外合作夥伴溝通，需有良好英語能力。7.負責專案之規劃、執行、監控、管理與協調。,軟體相關專案管理師、產品企劃開發人員、網站行銷企劃,待遇面議,台北市大安區忠孝東路四段290號10樓,不拘,未填寫
資料工程師(NC-痞客邦研發中心),PIXInsight Data Team，現正在招募新夥伴的加入。讓我們一起建立更加穩固、反應更快速的資料管道，作為資料驅動的神經系統，為 PIXNET 全站 8 億篇文章，以及每日700多萬訪客所產生的巨量資料，打造更加全面、易用的資料分析平台，支持 PIXNET 實現「Guide to SMART Life」的目標。  工作項目如下： 1.開發與維護 data pipeline 2.資料管理平台之 Web (前)後端、API 開發 3.資料庫報表程式開發 4.各種資料應用服務之程式開發 ,電腦系統分析師、其他資訊專業人員,待遇面議,台北市中山區民生東路三段51號12樓,Linux、UNIX、PHP、Python、MySQL,"基本條件：1.熟悉 Linux 作業系統操作2.Python 程式語言3.SQL 與關聯式資料庫使用經驗4.對於資料工程，開發與建置自動化、穩定的 data pipeline 有興趣5.良好的溝通、表達、協同合作能力加分項目：1.網站前/後端/Web API 開發經驗 (使用 Python 或 PHP)2.Google Cloud Platform 使用經驗3.熟悉 Python 物件導向程式設計, Design Pattern4.搜尋引擎 (如: Elasticsearch, Solr) 應用開發、搜尋結果調校經驗5.NoSQL database 使用經驗，例如 MongoDB, Redis6.Fluentd, Spark, Kafka 等使用經驗"
財務人員,1. 熟悉公司法、證交法等上市公司法令。 2. 股務相關作業(申報作業、董事會及股東會運作、公司登記事項、增資及股東管理相      關作業等)。 3. 辦理海外銀行及現金匯款、轉帳等作業及相關帳務處理。 4. 定期資金預估及調撥相關作業。 5. 與資金相關之歷史及預測資料分析。 6. 製作銀行/出納相關科目餘額表、收款日報表、利息收入調節表、銀行存款收支日報     表及調節表。 7. 與銀行往來有關之各項聯繫及相關作業。 8. 與財會相關之各項作業流程討論及擬定。 9. 主管交辦事項。,財務分析／財務人員、股務人員、稅務人員,待遇面議,台北市內湖區瑞光路606號13樓,Excel、Outlook、PowerPoint、Word,未填寫
食品研究開發採購,1.進行商品管理、規劃、設計、推廣及開發協調。 2.制定新產品規格，評估開發的可行性，進行導入並控管時程。 3.進行商品市場資料分析與商品定位，發展產品行銷策略，並進行價格策略的制定。 4.執行市場與產品趨勢調查，提供研發部門做為新產品開發的參考。 5.進行通路推廣，統籌產品行銷活動、文宣製作與客戶說明會之規劃。 6.食品開發相關文件編寫及建立(產品SOP、HACCP、原料品質規格等) ,產品管理師、產品企劃開發人員、採購人員,"32,000~37,000元",台北市大安區忠孝東路4段212號10樓,不拘,"1.	具有HACCP, ISO經驗者佳 2.	具備基礎食品科學知識(食品加工、微生物等) 3.	食品開發工作3年以上經驗者佳4.	熟悉食品衛生相關法規5.	具有調理食品開發經驗者佳"
大數據 工程師,透過Big Data相關的技術，結合雲端服務，分析網路、作業系統、資訊安全事件、應用系統、電子商務，從資料中發掘價值，協助企業營運及發展。 這份工作的內容，包括整體系統的規劃及建置、資料分析、各種世界級解決方案的整合應用、程式的開發撰寫，雲端服務的整合應用；會接觸到的產業，主要包括金融業、高科技業及政府單位。因此，除了技術本身的發展以外，您可以透過這份工作，累積各種Domain Knowledge。 無論您是否具有相關經驗(大數據、程式撰寫、系統、網路、資安等等)，只要有志朝Big Data專業領域發展，我們誠摯地邀請您一起共創未來！,軟體設計工程師、電腦系統分析師、演算法開發工程師,"30,000~40,000元",台北市內湖區,不拘,"1.C/C++/C#/Python/Java程式語言擇一2.具備專案或專題經驗3.資訊背景科系畢業佳4.上過資訊或大數據相關學程佳"
CRM顧問服務部-助理顧問/專戶執行,"CRM專戶執行為顧問服務部專戶服務行銷顧問團隊的成員之一, 工作的職責為負責一個CRM顧客計畫所有的行銷與運營的規劃與管理工作, 比如你可能被指派為克蘭詩Clarins CRM或雀巢CRM的計畫負責人, 這表示有一個大團隊在服務這個客戶, 而你將負責了整個計畫行銷設計與運營計劃與協調管理工作。工作內容包含完成客戶的CRM戰略規劃、行銷設計與預算管理， 一對一行銷與CRM實務。 一個完整的CRM團隊包含了你所在的項目管理運營團隊， 另外還有 IT科技團隊、資料分析團隊、執行業務團隊,你帶領內部團隊完成工作使命向客戶負責。  跟所有IMC（整合行銷傳播）的Agency一樣， 由於你可能承接不同行業不同品牌的工作， 因此這個工作將給予你各種學習。 在CRM agency的工作需要學習的基礎知識很多， 比如資料分析的基礎認識， 網路與軟體技術如何服務於行銷工作， 直效行銷（direct Marketing）在現代行銷中的創新等。  這份工作將給予你完整的品牌與企業上對CRM/大數據bigdata/O2O的全面知識與技術的訓練, 你將成為這個領域的專家與顧問。  這份工作同時提供了探索中國市場的機會, 我們的台灣Base同時服務中國地區客戶, 比如中國總部在廣州的P&G  主要工作內容： 1. 協助專戶主管/顧問共同服務品牌客戶 2. 協助專戶主管/顧問客戶產業資料蒐集與整理，撰寫忠誠計畫提案簡報並且進行提案 3. 客戶關係維繫及業務進度管理 4. 將客戶需求轉發給相關部門，居間協調溝通，掌握工作質量與進度 5. 負責統籌客戶定期會議以及品牌內部會議 6. 負責品牌團隊差旅安排與行政事務等",行銷企劃人員、營運管理師／系統整合／ERP專案師、網站行銷企劃,待遇面議,台北市大安區敦化南路一段205號16樓1605室,不拘,"Qualifications:• Excellent organizational and project management skills• Excellent verbal and written communication skills• Good presentation skill• Able to work independently and under pressure to meet the deadline• Basic  knowledge  in CRM/Direct marketing• Candidate with more experience will be considered as senior position"
Marketing Associate 行銷專員（韓國市場）,【工作內容】 1、負責產品在韓國的行銷工作，制定品牌行銷計畫、社群活動…等日常行銷工作。 2、尋找聯繫適合產品的網紅以及針對當地媒體聯繫，新聞稿、部落格撰寫。 3、韓國市場粉絲頁/Twitter以及韓國流行的社群軟體建立和維護。 4、做市場調查、用戶訪談、關注用戶動態，通過資料分析用戶行為。 【工作技能】 1、韓文要求 6 級，聽說讀寫俱佳 2、喜愛韓國文化，對交友市場訊息有一定瞭解程度佳 3、能承受壓力及挑戰，具有邏輯數字能力者佳 4、工作地點：臺北 【其他條件】 1、有留學背景或韓國人優先 2、熟悉網路行銷者佳 3、主動、積極、正面、有創造力 4、細心、負責任，具有獨立自主的能力及團隊合作之精神,產品行銷人員、行銷企劃人員、市場調查／市場分析,待遇面議,台北市信義區信義路四段460號16樓,不拘,未填寫
企劃專員,"此職位主要內部行政流程文書操作,品牌企劃推廣,企劃能力及對社群媒體有興趣者和對數字敏感者都歡迎加入。  公司方向以肖像授權商品為主，例如蛋黃哥、醜比頭、卡娜赫拉等肖像客制化產品， 主要客群包含超商集點贈品與各式客製產品， 從前端授權洽談到產品企劃，以及後端生產跟進。  有別於一般行銷企劃公司僅限於企劃面，飛躍有更全面的生產端資源， 可以學習到一般企劃無法接觸到的實際生產端； 有別於一般生產端僅限於生產面，飛躍有更全面的產品線供給企劃與行銷資源， 讓想像中的企劃付諸實踐。  歡迎喜歡各種可愛肖像、趣味產品或超商集點贈品的夥伴加入飛躍！  工作內容概述： 1.進行商品管理、規劃、設計、推廣及開發協調。 2.制定新產品規格，評估開發的可行性，進行導入並控管時程。 3.進行商品市場資料分析與商品定位，發展產品行銷策略，並進行價格策略的制定。 4.執行市場與產品趨勢調查，提供研發部門做為新產品開發的參考。 5.進行通路推廣，統籌產品行銷活動、文宣製作與客戶說明會之規劃。",產品行銷人員、國內業務人員、網站行銷企劃,"27,000~30,000元",台北市內湖區內湖路一段300號10樓之3號,不拘,未填寫
Marketing Associate 行銷專員（泰國市場）,【工作內容】 1、負責產品在泰國的行銷工作，制定品牌行銷計畫、社群活動…等日常行銷工作。 2、尋找聯繫適合產品的網紅以及針對當地媒體聯繫，新聞稿、部落格撰寫。 3、泰國市場粉絲頁/Twitter以及泰國流行的社群軟體建立和維護。 4、做市場調查、用戶訪談、關注用戶動態，通過資料分析用戶行為。 【工作技能】 1、泰語能力檢定(CU-TFL）優秀，聽說讀寫俱佳 2、喜愛泰國文化，對交友市場訊息有一定瞭解程度佳 3、能承受壓力及挑戰，具有邏輯數字能力者佳 4、工作地點：臺北 【其他條件】 1、有留學背景或泰國人優先 2、熟悉網路行銷者佳 3、主動、積極、正面、有創造力 4、細心、負責任，具有獨立自主的能力及團隊合作之精神,產品行銷人員、行銷企劃人員、市場調查／市場分析,待遇面議,台北市信義區信義路四段460號16樓,不拘,未填寫
精準數位策略行銷企劃專員,★數位、社群、行銷廣告專案執行★ 我們想要尋找： - 喜歡研究網路消費者行為，並以發現網路熱門趨勢為樂 - 具資料分析、數據判讀能力，並有追根究柢的精神 - 人格特質擅長溝通、工作積極細心敏銳、效率快、能吃苦耐勞、抗壓性強 - 敢冒險、敢作夢，一分鐘不連網會死  工作內容： - 客戶關係維繫、專案管理，執行廣告客戶日常事務工作  加分項目： -良好的英文能力  -對數位執行、Google Analytic、FB、IG、Line後台有基礎認識加分 -具半年至1年以上廣告業相關工作經驗，或了解代理商環境者加分 -有廣告、行銷傳播相關系所畢業或相關產業背景者優先考慮,行銷企劃人員、網站行銷企劃、媒體公關／宣傳採買,"34,000~36,000元",台北市信義區東興路61號7樓,Google Analytics,未填寫
人力資本服務資深顧問,"1.          Perform in-depth research and analysis on industry, market, customers, competitors and/or target companies from both primary and secondary research 2.          Analyze quantitative and qualitative data to identify trends, issues and gaps from notes taken during client meeting, focus groups, interviews or from the research.  3.          Apply strategic/innovative thinking to tackle the tasks and solve client’s challenges  4.          Assist senior members in the preparation of delivery in all forms including but not limited to proposal, survey report and presentation 5.          Develop rapport and working relationships with clients and maintain them outside of engagements.  1.	針對產業、市場、客戶、競爭者與特定目標，運用第一與第二手資料執行深度研究與分析 2.	根據蒐集資料，進行質化與量化資料分析，辨別趨勢、議題、差距等要素 3.	應用策略與創新思考，處理工作任務並解決客戶困難 4.	協助團隊準備相關交付文件，包含提案、調查報告、簡報、分析研究成果等 5.	與客戶及工作團隊發展良好的工作關係",顧問人員、財務分析／財務人員、主管特別助理,待遇面議,台北市信義區松仁路100號20樓,Excel、Outlook、PowerPoint、Word,"1.          Innovative, creative and work collaboratively to reach innovative solutions 2.          Capable of committing and delivering to short deadlines so as to keep up with a fast-paced environment 3.          Exceptional written and verbal communication skills in English and Mandarin to effectively present issues and ideas 4.          Consultative mindset, ability to navigate ambiguous circumstances, complex structures and subject matter 5.          Strong interpersonal skills with the ability to work effectively with stakeholders.6.          Assertive, proactive and results-orientated 7.          Hands on experience with Microsoft Office suite tools8.          Bachelor degree and above from renowned university in Psychology, Business Administration, Finance, Accounting, Economics or other business related major.9.          Experiences in management consulting, finance, M&A, HR consulting or regional role in multinational company are preferred. 1.	能運用創意、分析與團隊合作能力，以發展完整的客戶解決方案2.	具有在有限時間內，高度投入並執行工作的態度，以跟上快速變化的工作環境3.	良好的中英文寫作與口語溝通能力，以有效溝通問題與想法4.	諮詢顧問的心態與能力，以釐清模糊、複雜的情況與議題，並協助客戶解決問題5.	良好的人際關係管理能力，並能有效與團隊及各關係人協作6.	堅定、積極、追求結果的態度7.	高度運用Microsoft文書工作處理工作的能力8.	希望具有2年或以上的顧問、財務、M&A、HR相關經驗9.	學士以上知名大學心理學、財務會計、經濟與商學相關科系學歷為佳"
Marketing Associate 行銷專員（日本市場）,【工作內容】 1、負責產品在日本的行銷工作，制定品牌行銷計畫、社群活動…等日常行銷工作。 2、尋找聯繫適合產品的網紅以及針對當地媒體聯繫，新聞稿、部落格撰寫。 3、日本市場粉絲頁/Twitter以及日本流行的社群軟體建立和維護。 4、做市場調查、用戶訪談、關注用戶動態，通過資料分析用戶行為。 【工作技能】 1、日語要求N1，聽說讀寫俱佳 2、喜愛日本文化，對交友市場訊息有一定瞭解程度佳 3、能承受壓力及挑戰，具有邏輯數字能力者佳 4、工作地點：臺北 【其他條件】 1、有留學背景或日本人優先 2、熟悉網路行銷者佳 3、主動、積極、正面、有創造力 4、細心、負責任，具有獨立自主的能力及團隊合作之精神,產品行銷人員、行銷企劃人員、市場調查／市場分析,待遇面議,台北市信義區信義路四段460號16樓,不拘,未填寫
結算專員（無經驗可）,崗位職責： 1.接收並處理客戶檔，跟進，匯總建檔； 2.對相關後臺進行操作，包括資料錄入、統計和處理等； 3.對客戶和市場部的傭金進行結算 4.對市場部、客服部進行解答，提供有效建議； 5.主管安排的其他相關任務。  任職要求：	 1.有證券、期貨、資產管理等金融行業相關工作經驗者優先； 2.熟練使用word、excel、powerpoint、outlook等辦公軟體； 3.對資料敏感，有較好的邏輯思維和資料分析能力，頭腦靈活； 4.能承擔較強的工作壓力，適應較飽和的工作量； 5.具備主動積極的職業心態，工作勤奮高效，責任心強； 6.嚴謹認真、沉穩、細緻，有較強的執行力； 7.溝通能力強，能準確的理解工作要求。,券商後線人員、行政人員、記帳／出納／一般會計,"26,000~30,000元",台北市大同區南京西路288號3樓,Excel、Outlook、PowerPoint、Word,未填寫
資料工程師,工作内容描述： 1、瞭解和溝通線上資料監測的技術環境，獨立完成監測規劃並實施； 2、部署和實施Google Analytics等網站監測工具，並維護其運行，持續採集線上資料； 3、瞭解資料平臺的API介面，可運用適當的語言導入/匯出資料，執行多資料平臺的對接；  任職要求： 1、掌握HTML、JavaScript等語言； 2、瞭解至少一種後臺語言如PHP、NET，可讀懂相應代碼；  加分項： 1、有過Google Analytics等網站監測工具的部署實施經驗； 2、熟悉Hadoop、Spark等大資料平臺開源軟體，有實際專案架構經驗； 3、瞭解機器學習/資訊檢索/自然語言處理/統計學習/博弈論/人工智慧； 4、有hadoop、flume、storm、spark、zookeeper等相關開源專案經驗； 5、熟悉IOS和Android開發； 6、熟悉常用的機器學習演算法，能靈活運用模型進行資料分析。,演算法開發工程師、Internet程式設計師、其他資訊專業人員,待遇面議,台北市中正區忠孝西路一段66號34樓,不拘,未填寫
食品加工商品開發人員,1.與食品加工工廠共同研究開發冷凍及常溫食品包。 2.確保食品加工工廠在大量製造時的品質穩定度。 3.食品包的管理、規劃、設計、推廣及開發協調。 4.討論新產品規格，評估開發的可行性，進行導入並控管時程。 5.討論商品市場資料分析與商品定位，發展產品行銷策略，並進行價格策略的制定。 7.執行市場與產品趨勢調查，提供研發部門做為新產品開發的參考。 8.進行通路推廣，統籌產品行銷活動、文宣製作與客戶說明會之規劃。 ,食品研發人員、產品企劃開發人員,"28,000~35,000元",台北市信義區信義路四段458號4樓,不拘,具營養師或食品技師資格者尤佳
企業解決方案服務-視覺化分析應用系統導入顧問,以專案型態，提供企業客戶在資料分析議題上之解決方案及規劃建置，以幫助企業客戶在內部和市場競爭上透過商業分析提高企業價值。 包含瞭解產業市場、釐清客戶目標與策略、規劃對應的分析面向與角度，並進一步規劃與導入視覺化分析應用相關系統。 會需要您的：  資訊背景，具備資料處理經驗  應用系統的規劃能力  管理報表與分析報表經驗  視覺化分析的設計能力,軟體設計工程師、電腦系統分析師、軟體相關專案管理師,待遇面議,台北市信義區松仁路100號20樓,不拘,"1.大學以上資訊管理、資訊科學、資訊工程相關系所2.擁有企業中IT或是專案開發角色經驗為佳3.認真負責、有熱誠、抗壓性與執行力強、具強烈企圖心4.英文佳，工作需閱讀及撰寫英文；並有可能跟以外國客戶共同執行專案。5.具資料庫設計與建置經驗佳6.具多維度資料及相關分析經驗佳7.須具備程式撰寫能力，例如：Java/C#/Python/SQL 等8.具資料視覺化工具設計經驗者佳，如Tableau/Qlik/SSAS/SSRS/PowerBI…等"
營運管理部經營規劃組員(凱基證券),資料規劃、蒐集、清整、整合、建模、分析、產名單、視覺化呈現,券商後線人員,待遇面議,台北市中山區,不拘,"1.	熟悉SQL語言，對資料庫程式如SAS/SPSS/SQL有實務經驗佳。2.	對分析工作有高度熱忱，喜歡分析數據，透過資訊尋找問題，發掘商機。3.	其他： (1)具備資料分析能力(Statistics, Machine Learning, Data Mining)的資訊工程師 (2)具備程式開發知識(Cognos, Hyperion, Script Language, R, Python, SQL)的統計分析人員 (3)具獨立作業及執行能力，願意持續學習了解新事物。(4)重視團隊精神、數學邏輯清晰、具表達及溝通能力。"
SM2136 專案管理實習生 Project Management Intern,"ACTi 使用影像辨識技術為基礎 (人臉辨識、性別年齡辨識、情緒辨識、車牌辨識等) 搭配B.R.I.C.A.5技術(Big Data, Software Robot, IoT, Cloud, AI and 5G) ，提供各產業新一代商業智能解決方案 ，幫助客戶迎向新的數位時代  我們擁有紮實的軟硬體研發經驗，組織扁平溝通無礙，加入ACTi 學生實習計畫幫助自己提早了解產業動態，累積畢業後就業實力，期待充滿熱情且努力學習的同學加入我們！ ＊學期間能配合六個月以上實習，工作區間為週一至週五上午9:00至下午6:00；因專案需求每週至少排定24小時班表 ＊將提供跨部門輪調的機會給積極想要學習的同學 ＊實習期間表現良好同學將可於畢業後優先申請轉為正職  工作內容 - 專案支援，提供資料分析以及流程追蹤 - 追蹤專案進度，協助開案、報價單、專案進行中之文件處理以及結案",產品管理師、其他專案管理師,,台北市內湖區堤頂大道二段407巷20弄1號7樓,Excel、Outlook,"其他條件(1) 熟悉Microsoft電腦文書操作: Office,Excel,Word(2) 個人特質: 細心、耐心、執行力強(3) 英語讀寫能力中等，約TOEIC 750"
產品開發人員,1.市場流行資訊搜集，發展趨勢分析與應用 2.協助進行新潮產品開發評估與執行 3.整合新產品開發文件及產品規格等資料 4.進行商品管理、規劃、設計、推廣及開發協調 5.制定新產品規格，評估開發的可行性，進行導入並控管時程 6.進行商品市場資料分析與商品定位，發展產品行銷策略，並進行價格策略的制定。 7.熟悉3C週邊或新產品開發有二年以上的經驗者佳  廣徵人才，如對本公司職缺職務有興趣且符合相關基本要求者 歡迎每週一至週五 下午1點40分 親洽公司面試 台北市北投區大屯路70號,產品企劃開發人員、產品企劃主管、行銷企劃人員,"25,000~45,000元",台北市北投區大屯路七十號,Excel、Word,未填寫
行銷公關人員,1. 行銷公關活動規劃與執行 2. 媒體監測、開發、維護與管理 ，以利增加品牌曝光 3. 熟悉各社群平台及媒體特性，開發與經營適合的KOL 4. 管理規劃及監督KOL合作產出的品質及時程，並追蹤及分析個別配合成效 5. 制定公關策略，包括媒體議題操作、媒體經營洽談及執行公關或品牌合作機會 6. 媒體採訪安排、資料提供等聯繫事宜 7. 撰寫新聞稿，記者會招開籌劃及執行 8. 公關事件危機處理 9. 負責社群相關平台IG/ Line / FB之日常運營，包括內容策劃、資源整合、專題策劃、粉絲運營和資料分析。 10. 其他主管交辦事務,網站行銷企劃、廣告文案／企劃、品牌宣傳及媒體公關人員／主管,"28,000~50,000元",台北市大安區信義路三段149號3樓,不拘,未填寫
國外代理品牌經理,1.國外代理產品管理、規劃、設計、推廣及開發協調。 2.制定新產品規格，評估開發的可行性，進行導入並控管時程。 3.進行商品市場資料分析與商品定位，發展產品行銷策略，並進行價格策略的制定。 4.執行市場與產品趨勢調查，提供研發部門做為新產品開發的參考。 5.進行通路推廣，統籌產品行銷活動、文宣製作與客戶說明會之規劃。,產品企劃開發人員,待遇面議,台北市松山區光復北路112號7樓,不拘,未填寫
產品主管,1、根據公司產品發展戰略規劃，負責產品策劃管理⼯作；  2、負責對產品進⾏功能規劃、流程設計和需求管理，並交付產品需求⽂檔和原型；  3、與運營部⻔保持緊密溝通與合作，推動產品開發進度，把控產品進度和品質；  4、負責對⽤戶需求、市場需求和業務需求進⾏調研分析，優化產品，提升產品品質。  5、負責遊戲總體開發協調，包括遊戲上線、資料分析、產品改進、活動制定、客服回饋等，以促進遊戲不斷更新； ,產品企劃主管、專案管理主管、產品企劃開發人員,"50,000元以上",台北市大安區忠孝東路四段290號10樓,不拘,"1、3年以上遊戲產品設計經驗，有優秀PC端、移動端案例者優先； 2、具有強烈的⽤戶需求意識，具備清晰縝密的邏輯思維能⼒，學習創新能⼒，有較強的數據分析能⼒； 3、良好的語⾔和⽂字表達能⼒，能夠與⽤戶、開發和業務部⻔進⾏良好的溝通，能承受較⼤的⼯作壓⼒。具備獨⽴撰寫產品⽂檔的能⼒，熟練掌握產品需求分析、設計的技巧，對交互設計過程有深⼊的瞭解，有成功的產品策劃案例； 4、熟悉互聯⽹產品設計理念及⽅法，瞭解互聯⽹的最新變化和發展⽅向，對互聯⽹⽤戶習性有獨到認識，瞭解互聯⽹技術特性和系統架構；"
留學行銷業務,1. 主要諮詢有意願留學的學生、開拓及擴展台灣市場。  2. 依公司或顧客需求而做出行銷規劃、執行資料分析及相關市場調查。 3. 完成主管辦公室交辦事項，為企劃案發想。 4. 有留學經驗者為佳，沒有也無妨，可接受員工培訓。 5. 須負責撰寫行銷企畫書、新聞稿、電子郵件及年度計劃書。 6. 公司提供完整的教育訓練，歡迎喜歡吸收知識的人踴於加入。 7. 擁有前往國外出差與參訪探視的機會，並且增加實質經驗。  8. 經常大量接觸海外資訊，可增加自己的國際價值觀。  9. 主要接觸的對象大多數為學生、家長及國外大學和學校代表，因此工作環境並不復雜。  10. 能接觸到其他各個國家的文化、教育以及相關資訊，從而學到東西，也讓自己開闊眼界。 11. 上班時間為早上九點開始至下午六點，周休二日 (星期六及星期日），午休一小時。 12. 每年定期加薪、並擁有國外員工旅遊。,行銷企劃人員、產品行銷人員、國內業務人員,"27,000~36,000元",台北市信義區信義路五段8號14樓(台北曼哈頓中心,不拘,未填寫
精準數位策略行銷專案經理,精英公關集團旗下精準數位行銷公司徵專案經理一名，歡迎具有創新創意思維、文字及資訊分析能力，並對於數位溝通產業有高度熱誠者加入者!  ●工作內容：  1.團隊業務分工、統整與協調   2.帶領2~3名團隊成員，指導專案執行，養成團隊基本工作能力，並協助在專業與態度上的成長   3.參與公司治理，包含團隊與公司發展方向規畫討論與協助  4.擔任內部教育訓練講師  5.團隊工作內容包含：   a.客戶關係維繫   b.網路行銷活動、數位活動、整合活動、社群活動規劃及專案管理   c.數位溝通環境資料分析、趨勢探討   d.業務計畫發展、專案開發、專案比稿等   e.專案財務流程處理  ●具備能力：   1.時間管理能力、研究分析能力、人際溝通能力、團隊領導能力或經驗、創新管理能力   2.具公關、行銷或相關產業經驗者優先考慮。  ,媒體公關／宣傳採買、專案管理主管、產品企劃主管,待遇面議,台北市信義區東興路61號7樓,Excel、PowerPoint、Word,"歡迎愛分享、敢冒險、敢作夢，一分鐘不連網會死的人格特質的主管一起創造非凡成就! 電腦技巧: 擅Excel表格、Powerpoint、Word等基本軟體"
助理顧問,助理顧問為CRM顧問服務團隊的成員之一，工作職責為協助專案經理/諮詢顧問建構客戶的CRM藍圖及戰略規劃，其中將會接觸到企業整體業務流程規劃、行銷設計、運營策略與協調管理工作。  一個完整的CRM團隊包含你所在的專案管理及顧問服務團隊，另外還有IT技術團隊與業務團隊，你將與團隊協同合作完成工作使命並向客戶負責。  CRM顧問服務團隊將會幫助不同行業類別、不同品牌、不同規模大小企業，因此這份工作充滿各式各樣挑戰並在此中學習專業領域知識。在CRM團隊工作能夠學習到的知識很多元，例如：專案管理、雲端系統架構、銷售與服務管理基礎知識、資料分析基礎知識及行銷基礎知識...等。  在不同產業領域、B端及C端的專注焦點會不一樣，而這份工作將會給予你完整的品牌與企業對CRM/Bigdata/B2B/B2C/O2O全面性的知識與技術的訓練，你將成為這個領域的專家與顧問。   職務內容： 1. 協助專案經理/諮詢顧問共同服務品牌與企業客戶。 2. 協助專案經理管理專案團隊，與專案相關人員協調溝通，掌握並回報每日專案進度及狀況。 3. 協助諮詢顧問相關文件撰寫，包含需求確認及解決方案文件、系統測試報告、教育訓練手冊。 4. Salesforce clouds系統操作及設定。  ,營運管理師／系統整合／ERP專案師、顧問人員、軟體相關專案管理師,"33,000~40,000元",台北市中山區中山北路三段47號3樓,不拘," 具備條件：1. 熟悉Office系統處理能力佳。 2. 需具備英文讀寫能力。 3. 認真負責、能主動發覺問題、邏輯概念佳並具解決問題與執行的能力。 4. 需具有團隊合作精神與概念。"
客戶關係發展部-實習生,"Expectations 客戶關係發展實習生將協助團隊推進更深入的市場了解以及新專案之建置、測試、與執行。  What you will do? ""1. 商務發展     - 協助建立客戶資料及評分模型     - 協助客戶關係發展團隊調整行動計畫 2. 新專案建置/測試/執行     - 基於團隊發展目標建立內部小型專案     - 訂定可行專案步驟及測試方法     - 觀察與蒐集關聯數據並評估專案成效     - 基於專案成效訂定長期實施計畫""  Job Specific Qualifications ""- 分析思考 - 具備領導力，尤其能領導變革 - 結果導向 - 心態開放且能有效率的建立互信 - 具備高度的問題解決與開創能力 - 較深入了解 Google Sheets - 高度關注細節""  General Personalities ""- 熱愛台灣農業並希望能參與改變 - 有高度工作專業及熱誠 - 能自我管理 - 具備在無明確規則的環境中仍能持續成長的能力 - 渴望學習 - 具備幽默感""  Desired, not required ""- 具備餐廳營運或是農業生產的知識 - 具備統計、資料分析之背景""  『加入菜蟲團隊，讓我們一起創新台灣農業！』",電話客服類人員,,台北市信義區基隆路一段178號2樓,Excel、PowerPoint,未填寫
業務助理,1.	輸入、處理並追蹤客戶訂單，並將訂單資料存檔備份。 2.	保持與客戶間之聯繫，回覆e-mail，並確認交貨期。 3.	定期提供業務銷售狀況報表，以供業務人員或主管參考。 4.	協助業務人員處理銷售業務相關之公司內部行政作業。 5.	協助回覆公司粉專相關問題。 6.	業務與銷售協助事務。 7.	專案進度管理協助。 8.	技術部門事務協助。 9.	電話＆Email 聯繫潛在客戶。 10.	售後服務資料彙整。 11.	市場調查資料分析與報告撰寫。 12.	.客戶資料更新維護。 13.	業績與管理報表撰寫。 薪資25000~35000 【底薪 + 分紅】。 想要多少薪資自己創造！歡迎您來挑戰！！ 歡迎主動性高，樂觀進取的『您』加入。,業務助理、行政人員、行銷企劃人員,"25,000~35,000元",台北市中山區中山北路三段47號3樓之4,不拘,"1. 具一年以上業務助理相關經驗。2. 具良好團隊合作及跨部門橫向溝通協調能力。3. 具良好簡報製作能力。4. 專案時間╱進度控管。5. 文書處理軟體操作。6. 電子試算表軟體操作。7. 訂單╱管理報表製作。"
Google Analytics 線上廣告監測分析師,工作內容： • 通過使用Google Analytics等分析工具，提供網站分析服務，包括規劃、操作和其他運營過程中的咨詢服務。 • 瞭解廣告的商業需求和目標，制定完善的資料監測及資料應用計畫，並規劃相應的KPIs監控商業目標； • 獲取並分析廣告資料，對異常資料進行分析和排查，保障線上廣告正常提供服務； • 監測廣告投放資料，通過資料分析對廣告投放效果進行預測和評估，為廣告的投放及組合策略提供資料化建議； • 使用Google GMP等優化工具，進行A/B測試和多變量測試 • 不斷改善線上資料的監測及分析方法，並結合網路監測環境持續優化監測方案。 • 參加定期客戶會議/電話會議  任職要求： 1、廣告、行銷、電子商務等相關專業本科及以上學歷； 2、熟練使用Office辦公軟體，瞭解基本的商業常識； 3、有較好的學習能力，對廣告資料和分析有興趣； 4、具備良好的溝通能力和文件製作能力,其他資訊專業人員、電腦系統分析師,"34,000~40,000元",台北市中正區忠孝西路一段66號34樓,Google Analytics、Google Tag Manager、Google Data Studio,"加分項：1、有主流廣告分析工具如DoubleClick、秒針、AdMaster等使用經驗；2、具備資料獲取、呈現、成果應用方面的基礎知識和案例分析能力，能夠向客戶進行完整清晰的講解和展示；3、有廣告執行、網路行銷等方面的工作經歷；4、有分析或撰寫報告的經驗；5、對html和js有基本的瞭解"
JUKSY街星 數據組短期實習生,※請將個人履歷寄至ccheish@juksy.com，  履歷表未附自傳和作品集者恕不予面試。  想了解並體驗實作現在最夯的大數據分析嗎? 現在你有機會接觸到JUKSY 的第一手數據， 並一步一腳印的了解： 數據分析是什麼？ 如何將資料分析應用在實務上？ 並有機會看見你的數據分析如何影響一個媒體、一間公司！  我們正在找 對數字敏感度高、細心， 具獨立思考能力，不畏懼新挑戰， 並能嘗試想辦法解析各種難題的數據小夥伴！  你要做的事有： 1.	3個月短期實習(歡迎在校生) 2.	社群數據歸整(熟悉社群平台使用。例如Facebook、Instagram、Youtube等) 3.	市場資料蒐集 4.	例行性數據報告製作協助 5.	社群議題風向分析 6.     專案數據分析 7.     即時議題探索掌握,工讀生、市場調查／市場分析、網站行銷企劃,待遇面議,台北市中正區羅斯福路二段9號5樓之1,Excel、PowerPoint、Word,"不排斥數據、具有獨立思考能力、邏輯理解力佳※一週至少可出席2個工作天"
資料倉儲工程師 (資料庫/大數據/巨量資料/資料倉儲)  (新鮮人可),"【職務說明】 將參與各大系統專案進行資料倉儲平台架構規劃及設計，其中包含 Pivotal Greenplum產品服務，資料倉儲工程師將專注於資料倉儲顧問服務，解決使用者關於資料倉儲相關需求。  資料倉儲專為資料分析所設計，可讀取大量的資料以了解資料的關係和趨勢，資料通常會定期從交易處理系統、關聯式資料庫和其他來源流入資料倉儲。讓商業分析師、資料科學家和決策者可透過商業智慧 (BI) 工具、SQL 用戶端和其他分析應用程式存取資料。  所以資料倉儲工程師必須要了解資料倉儲特性及資料存放方式，來根據使用者需求給予建議，並且為其使用單位提供適合的資料倉儲架構，建立完整資料倉儲資料流流入方案及資料倉儲管理機制。  本工作職缺適合關聯式的資料庫工程師，有意願轉型為資料倉儲工程師來接觸更廣泛的資料處理服務面向，可以更容易延伸接觸其他資料處理的技術及平台，來加值自身的技術能力。  【工作項目】 平台規劃及設計 平台架構建置及設定 平台高可用性建置及設定 平台開發顧問服務 平台資源規劃調教 平台權限規劃設定 ETL 資料流設定  【職務需求】 熟悉 Linux 操作及管理 熟悉一種資料庫系統 (Oracle , PostgreSQL , MySQL , MSSQL.. 其他 ) 良好的文件撰寫能力 良好之團隊協作、溝通協調能力  * 如果是應屆畢業需要滿足1.職務需求 2.資訊科系 3.英文能力佳",其他資訊專業人員、資料庫管理人員、資訊助理人員,待遇面議,台北市大同區鄭州路87號10樓,不拘,"【加分條件】資料倉儲管理經驗Hadoop 平台管理經驗Hadoop 平台相關認證ETL 相關經驗資料庫相關工作管理經驗Python , Java 程式開發經驗英文認證"
綜合企劃專員,精藤公司為【全家便利商店股份有限公司】之子公司，精藤做為集團資訊整合的中心，不但承擔著集團「系統整合」及「Know-How彙整」的責任，同時也扮演了集團最堅強的技術發展領航者及實踐者。而支援這團隊成長的背後，除了穩定成長的零售通路資訊發展需求以外，亦包含了精藤20年來不斷精進的程式開發技術以及重視團隊合作的組織文化。  除此之外，精藤近年來亦不斷追求更多新領域的發展，例如：雲端科技應用、大數據資料分析以及行動裝置管理技術等等，誠摯的歡迎所有對於零售流通有興趣的伙伴一同加入精藤的大家庭。  【綜合企劃專員】工作職掌如下： 1. 協助維護公司內系統，包含：官網( http://www.accudata.com.tw )以及簽核系統等。 2. 協助規劃公司各項教育訓練及各種活動，包含：新人教育訓練、技術類包班課程、團隊成長相關的活動等。 3. 協助產業與科技趨勢蒐集與分析。 4. 協助新科技技術趨勢研究。  我們誠摰歡迎應屆畢業且對資訊科技研究與管理經營有興趣的夥伴加入，我們理想中的人選，是會基本程式開發且對管理制度規劃有興趣的伙伴，綜合企劃專員之工作內容則提供多元學習機會，讓有熱情的夥伴在思考中成長,資訊助理人員、教育訓練人員、市場調查／市場分析,待遇面議,台北市中山區中山北路二段61號11樓,Excel、PowerPoint、Word,"1. 須熟悉基本Office軟體操作。2. 須對於接觸產業與科技新知有強烈興趣。3. 具備日文與英文文書翻譯者尤佳。4. 無經驗可，有經驗的也歡迎，但如果是已經很明確知道自己要走技術路線的，歡迎投遞本公司「C#程式設計師」或「系統分析師」職缺。"
台灣科技大學 電機系科技部計劃助理,1.	研究文獻整理 2.	科技部研究計畫之相關事項 3.	科技部計畫經費核銷 4.	臨時交辦事項 5.	研究相關事項：視助理專長而定。 例如：程式撰寫、人工智慧研究、實驗進行、中英文論文翻譯、研究資料分析、協助實驗進行。 ,行政助理,"31,520~36,050元",台北市大安區基隆路四段43號,不拘,學士或碩士畢業，不限領域。電機資訊、統計、心理、生物醫學、外文等相關系所尤佳。具良好中英文閱讀與寫作能力、對科學研究具有熱誠、對電機資訊、人工智慧或生醫工程領域具有興趣。
▲富比士排名百大外商金融集團▲短期數據分析助理_大數據經驗或數學統計背景人才優先_BIS_204,◆學士、碩士(統計/數學系相關)在學生、應屆畢業生求職好機會 ◆接觸過 SQL/power BI/ Python /大數據經驗 ◆有知名外商金融業經驗，增加履歷競爭力 ◆在學時期有實務經驗，畢業找工作薪資更好談  *面試將有SQL測驗*  面試前請先準備以下問題: 1.請問有進行過資料分析的經驗嗎？資料範圍有多大(筆數&欄位數)？是自行從資料庫撈取組裝，還是整理好的資料？ 2.請問有自行利用Power BI(Excel數據分析功能)建立報表的經驗嗎？資料範圍有多大(筆數&欄位數)？若有是否從提供成品？ 3.請問是否有用機器學習方式建立模型的經驗？是用什麼語言建立？題目是什麼？  【應徵條件】 1.大學、碩士以上畢業或在學生佳 (統計/數學系相關)  2. 技能: SQL/Power BI/ Python/大數據相關經驗  【工作內容】  1.Customer single view專案導入驗冊 2.協助客戶及通路業務分析 3.BI報表製作、名單作業協助 4.主管交辦事項  【上班時間】 固定週一~五 09:00~17:30(週休二日)  --------------------------------------------------------------------------------------- ★歡迎加入臉書∣ Adecco · 金融產業資訊共享平台 ∣★ https://www.facebook.com/groups/adecco.bis/?ref=bookmarks  社群將提供更多就業機會/產業知識/重要資訊給您！ ,資料庫管理人員、行政助理,"28,000~38,000元",台北市信義區,不拘, 
系統分析師,精藤公司為【全家便利商店股份有限公司】之子公司，精藤做為集團資訊整合的中心，不但承擔著集團「系統整合」及「Know-How彙整」的責任，同時也扮演了集團最堅強的技術發展領航者及實踐者。  而支援這團隊成長的背後，除了穩定成長的零售通路資訊發展需求以外，亦包含了精藤20年來不斷精進的程式開發技術以及重視團隊合作的組織文化。  在精藤，除了可以學習各項資訊系統規劃、開發、監控與維護（如：物流管理系統、帳務管理系統、商品管理系統，與情報分析系統......等數以百計的資訊系統，精藤皆自行開發與維護），更有完善的公司治理與開發標準，可做為所有資訊人員執行專案時的後盾。  除此之外，精藤近年來亦不斷追求更多新領域的發展，例如：雲端科技應用、大數據資料分析以及行動裝置管理技術等等，誠摯的歡迎所有對於零售流通有興趣的伙伴一同加入精藤的大家庭。  本公司系統分析師之職務內容如下： 1.客戶需求分析 2.系統架構規劃與操作流程設計 3.系統日常維護 4.客戶問題排除  此職缺需熟悉C#.NET，並具備資料庫運作基本概念，若您對於相關技術不夠熟悉，本公司亦具備有完善的教育訓練制度可以協助大家提升自我能力，並共同為全家集團盡一份心力。,MIS程式設計師、電腦系統分析師、軟體設計工程師,待遇面議,台北市中山區中山北路二段61號11樓,不拘,"1. 需熟悉C#.NET(Web/Win)、Javascript，瞭解VB6者尤佳。2. 需瞭解資料庫運作原理，熟悉PL-SQL、T-SQL且曾使用ERWIN軟體者為佳。3. 具備Shell Script開發能力者尤佳。4. 需熟悉MS Office操作運用。5. 需具備客戶溝通與需求引導、歸納與邏輯思考能力，以及緊急對應能力。6. 需具備系統架構規劃與流程設計能力。7. 需具備專案品質管理與時間管理能力。8. 了解IIS、基礎會計相關知識者尤佳。9. 擁有2年相關工作經驗為佳，無經驗亦可。10. 本公司具有完善訓練體制，無相關工作經驗亦可由公司訓練培養，歡迎所有勇於接受挑戰、對零售通路有興趣的有志青年加入。"
日本行銷部廣告投放人員／デジタル広告オペレーション,【工作內容】 1、負責日語Facebook、Google、Twitter廣告帳戶管理、執行、監控優化操作 2、了解行銷需求，提供廣告規劃建議與執行 3、關注玩家動態，通過資料分析玩家行為，做好廣告投放工作 4、成效追蹤分析與報表彙整及熟悉數據解析 5、對數據敏感，具備數據統計及分析能力  【工作技能】 1、日本相關廣告媒體文案撰寫、素材發想、廣告效益評估、市場投放資訊收集 2、基本美術軟體運用 3、日語要求N1-2，聽說讀寫俱佳，有留學背景優先。 4、工作地點：臺北  【其他條件】 1、具有Facebook、Google、Twitter廣告實操經驗1年以上佳 2、備有良好的數字分析能力，能靈活監控執行每日投放預算 3、文案撰寫能力，需要不斷嘗試新的目標群體和廣告形式，尋找、測試和推廣新的廣告投放形式。 4、主動、積極、正面、有創造力 5、細心、負責任，具有獨立自主的能力及團隊合作之精神 6、日文相關科系應屆畢業生可  ---------------------------------------------------------------------- 【雇用形態】 正社員  【募集ポジション】 デジタル広告オペレーション 【仕事内容】 ・Facebook、Google、Twitter広告の運用とオペレーション、アシスタント業務（データ収集・入力業務など） ・マーケティングの戦略に合わせた広告配信設定、運用 ・広告配信結果のレポート作成・送付業務 ・自社開催マーケティングセミナー運営のアシスタント業務 【求める条件】 ・分析、技術、またはコンサルティングに携わった経験 ・基本の画像や動画の編集スキル ・リスティング、DSP、ソーシャル広告等の広告運用経験 ・動きの速い環境において、戦略的に任務を遂行できること ・業務効率改善系プロジェクトの推進経験 ・仕事に対する責任感、向上心、協調性のある方 ・同僚や取引先と円滑な人間関係を築けるコミュニケーション能力 ・問題解決、クリティカル・シンキング、分析に関する高い能力 ・国籍問わず、日本の方や日本に留学経験のある方を歓迎 【会社情報】 台北市に位置する、日本市場大ヒット中の台湾スマホゲームアプリ会社「Game Beans」（最寄り駅：行天宮駅） https://www.game-beans.com/ 【勤務地】 台北市中山区民生東路三段8号3F 【勤務時間】 9:30~18:30(時間外労働有り) 【休日休暇】 週休二日制（土日）、祝日、年末年始、有給休暇 【給与】 スキル・経験等に応じて優遇します 【福利厚生】 雇用保険、労災保険、健康保険、有給休暇有り、毎月開催される誕生日会やteam buildingを兼ねた社員旅行忘年会など、社内イベントも活発で、社員全員で楽しんでいます！  ★ゲームについて、日本市場でのデジタル広告オペレーションについてご興味のある方是非ご応募ください！,廣告AE業務人員,"28,000~50,000元",台北市中山區民生東路三段8號3樓,不拘,未填寫
管理與資訊顧問 (財務會計/成本管理會計專門)(轉換跑道培訓可),"管理與資訊顧問服務(提供原為財會人才職涯轉換跑道機會, 合適者可協助培訓轉換為管理與資訊顧問) (客戶皆為國內外的中型/成長型上市櫃或私人公司) 1. 資訊管理背景者佳(指曾任公司資訊部門, 處理財務會計/管理會計資訊系統需求, 熟悉SQL DB資料庫) 2.財務會計經驗/管理會計經驗(無編製或製作公司財報/管報/稅報等上述任一財報或資訊報表之實務經驗者請勿應徵，本顧問服務工作有其專業度，無專業者確實無法了解與勝任） 2. 至少需ERP資訊系統操作經驗 3. 具備邏輯思考與溝通能力, 喜歡與客戶溝通需求並協助達成 4. 對先進製造夥伴計畫（AMP）或工業4.0 與商業資料分析有興趣 4. 需具備英文閱讀能力, 以便閱讀及研究（Study )最新一手資訊 5. 職務內容初期為財務會計系統的需求分析及設計，與實施建置(總帳, 應收, 應付與固定資產等公司基本財務報表) 6.職務內容之延伸為國內與國際型企業軟體系統建置(製造業或流通業)，聚焦於行業別/多國別/多公司別/會計交易，管理與成本會計，財管稅報，帳務合併，現金流及相關規劃，分析及設計，與實施建置。 6. 工作內容因專案與業態多變化，工作變化大，具挑戰性與自我成長, 適合喜歡腦力思考與解決方案人才投入，彈性工時。 7. 公司提供原廠教育訓練與認證機會(中英文)  工作地點:台北辦公室/客戶處（台灣地區為主）",營運管理師／系統整合／ERP專案師、成本會計、電腦系統分析師,待遇面議,台北市信義區松智路1號11樓,MS SQL、Excel、PowerPoint、Visio、Word,"歡迎企業內資訊IT人員，熟悉財管會計具備 ERP使用及維護經驗進行跨顧問領域的轉型(熟悉財務會計與管理會計任一方面為應徵必要條件, 無經驗者恕不回覆, 謝謝!)需英文閱讀無礙."
主題博物館企劃人員,行銷企劃人員 1.負責行銷企劃案的撰寫、規劃，籌備、執行公司對外的行銷活動與媒體活動（如：展覽、促銷活動），並對其效益進行分析與建議。 2.進行產業競爭分析及市場調查分析。 3.建立、分析現有顧客與潛在顧客資料，並發展客戶維繫方案。 4.建立、推廣、經營與管理現有品牌、產品以及公司整體的形象，並負責相關文宣資料的規劃與製作。 5.負責媒體雜誌宣傳及新聞稿撰寫等相關事務。  產品企劃開發人員 1.進行商品管理、規劃、設計、推廣及開發協調。 2.制定新產品規格，評估開發的可行性，進行導入並控管時程。 3.進行商品市場資料分析與商品定位，發展產品行銷策略，並進行價格策略的制定。 4.執行市場與產品趨勢調查，提供研發部門做為新產品開發的參考。 5.進行通路推廣，統籌產品行銷活動、文宣製作與客戶說明會之規劃。  其他專案管理師  1.收集並分析市場訊息。 2.執行新專案之規劃、執行、掌控、成本控制及結案。 3.協助各部門及廠處推動專案之執行、管理、問題追蹤及解決。 4.進行各部門之人員培訓。 5.溝通協調跨部門問題。  其他專案管理師 1.收集並分析市場訊息。 2.執行新專案之規劃、執行、掌控、成本控制及結案。 3.協助各部門及廠處推動專案之執行、管理、問題追蹤及解決。 4.進行各部門之人員培訓。 5.溝通協調跨部門問題。  ,行銷企劃人員、其他專案管理師、產品企劃開發人員,待遇面議,台北市大安區仁愛路四段29-2號12樓,不拘,未填寫
北醫復健醫學部學士級專任研究助理,學歷： 大學以上  工作內容： 1.於台北醫學大學附設醫院復健醫學部執行「補助地方設置兒童發展聯合評估中心三年計畫-109年後續擴充(北醫子計劃書)」之研究相關事項。 2.協助進行早期療育兒童評估流程、資料輸入及資料分析、經費核銷。 3.如有加班或配合周末活動進行，可於平常日補休。 4.聘期為109年1月1日至109年12月31日。一年一聘，計劃通過則會續聘。   專長： 有擔任過計畫助理者佳，具文書行政能力，並能獨立解決問題   具備文件：  書面履歷（含自傳）  比照衛福部及所屬機關研究計畫人員工作酬金支給基準表給付，依勞工保險條例及全民健康保險之規定辦理勞工保險及全民健康保險；年終1.5個月(第一年依到職比例給予)。  工作時間	 週一到週五 9:00~18:00 (中午休息1小時)  聯絡方式  E-mail：hsuyawen1208@gmail.com 許小姐 請於信件主旨註明徵求計畫研究助理  甄選方式  意者請將應備文件寄至電子郵件信箱，主旨註明應徵職務「應徵學士研究助理-姓名OOO，若條件符合者將安排面談，請勿電洽。  其他備註： 1.	條件符合者將通知面試，不符者恕不另行通知。 2.	即日起即可投履歷，隨到隨審。 3.	起聘日為109年1月1日。 ,研究助理,"32,000~38,000元",台北市信義區吳興街252號,不拘,未填寫
"※月薪31,000起 ※ Brother 通路督導_北區","*誠徵喜歡3C、或對科技產業及挑戰個人目標有興趣、並具有服務熱忱的夥伴！* 主要職責： - Brother產品於連鎖通路之業績設定及績效追蹤 - 門市關係維護，新通路開發 - 每日通路業績管理 - 市場競品資訊蒐集及內部營運方式規劃 - 顧客服務及管理(CRM)：規劃並執行消費者產品體驗活動及課程、顧客商品售後諮詢服務。 - 銷售管理(Sales)：商品銷售及協助門市達成銷售目標。 - 門市營運管理(Business Operation)：門市營運SOP管理、營運銷售資料分析、店務管理(展示機及輔銷物等)。 - 協助回饋市場訊息。 - 須配合每週/ 月至總公司參與月會及不定期職務內訓。 - 無須進公司，自律行程管理  專屬完善培訓計畫： * 最新3C產品教育訓練 * 消費者服務技巧 * 基礎銷售及門市營運 * 國際級發表會、新品首發活動 客服實務演練 * 印表機門市第一線實習  **上班時間：需依照門市營業時間，排班制，月休8-10天**  長期派遣公司：嘉祺國際 薪資條件：底薪31,000，每月另有獎金與加給  工作性質： 全職/兼職 上班地點： 雙北市、宜蘭  管理責任： 不需負擔管理責任 出差外派： 無需出差外派 上班時段： 日班 休假制度： 週休二日，需依照門市營業時間，排班制，月休8-10天 可上班日： 一個月內 需求人數： 1 人 條件要求 接受身份： 上班族 工作經歷： 不拘 科系要求： 不拘 語文條件： 不拘 其他條件： - 有3C通路業務經驗佳 - 溝通技巧佳，目標導向，數字觀念佳 - 業務自主性高，企圖心強 - 需自備交通工具  公司福利 ◆獎金類  　1.月/季/年度業績獎金 　2.三節禮品  ◆保險類  　1.勞保 　2.健保  　3.勞退6%新制   ◆休假制度  　1.年休假制度：適用勞基法休假制度。  　2.週休二日(月休平均8-10天)   ◆補助類 　1. 油資/交通費補助   2. 年度健康檢查   ◆學習與發展  　1.完整教育訓練 ",國內業務人員、店長／賣場管理人員,"31,000元以上",台北市中正區新北市全區,不拘,"有車佳，另有業績獎金。相關出差旅費均可申請報銷"
社群運營推廣,崗位職責：  1、負責搭建和運營用戶社群；並負責群粉絲的活躍、社群氛圍營造、管理、運營、維護、互動等執行，打造高粘性；  2、組建並運營用戶社群，創建激勵機制以提升成員留存率、複購率、轉介紹率；挖掘並維護核心用戶；  3、結合市場動向及公司的發展規劃，定期組織策劃社群活動，群裡主題討論、直播等；  4、有社群管理意識，和市場、運營等部門溝通，提煉資料回饋支援到關聯部門進行用戶沉澱；  5、平臺品牌建設與推廣，孵化器宣傳物等策劃及製作，並撰寫文案、PPT報告、規劃，並拓展媒體管道；  6、負責開拓、維護相關政府部門關係，參加政府或協會組織的各項活動，通過各種形式推動公司與政府及相關機構之間的互動交流與合作；  7、負責微信運營（包括但不限於內容策劃、發佈、使用者管理、行銷、線上活動、資料分析等等）；。  8、與公司級戰略夥伴、服務商、網站、論壇等進行如資源互換、市場推廣等專案等合作;  9、科技政策研究與整理歸檔，整合平臺各企業的優勢資源，促進企業優勢資源的共用；  10、為入平臺提供高附加值的服務，協助入駐企業註冊及後續管理和服務，平臺相關資料的統計與上報工作；  11、負責專案運營標準化管理體系的完善；  12、負責組織落實公司及專案公司接待工作，妥善處理公司各類涉外公共關係事務，維護公司對外形象；  13、負責策劃、組織、實施公司及專案各類社會、合作等活動，為平臺專案提供服務與支援。  ,網站行銷企劃、行銷企劃人員、遊戲企劃人員,"45,000~75,000元",台北市大安區,不拘,"1、企業工商管理、經營管理、市場行銷等管理類相關專業本科以上學歷，具有三年以上大中型集團企業綜合管理經驗者優先； 2、中國或是海外具有平臺籌建、運營管理及推廣相關經驗： 3、直播平臺或視頻平臺管理運營、分享經濟等工作經驗； 4、擅長與男性用戶接洽、談判等，擁有良好、廣泛的社會關係和整合能力，有相關資源者優先； 5、熟悉APP以及熟練使用各類資訊化軟體及辦公自動化設備； 具備市場行銷、專案運營等統籌管理實操經驗； 6、具有成本控制意識、宏觀統籌管控能力、社會資源整合能力； 7、良好的組織協調與溝通能力，較強的邏輯分析、理解判斷、計畫執行與應變能力； 8、工作思路清晰、條理性強、細緻嚴謹、穩重踏實、勤勉敬業、親和力強； 9、具備良好的溝通及現場問題解決能力，執行力強，能承受較大的工作壓力； 10、具有較強的責任心和事業心，團隊協作能力良好； 11、有qq，微信，群運營經驗優先； 12、具有一定的文字功底，進行自媒體文章的編寫和發佈，文案編輯內容豐富吸引力強； 13、資深網蟲、有微信社群、直播群等深度重症自媒體用戶或活動運營經驗，熟悉微信運營模式的使用者優先考慮；"
UI/UX 視覺設計師,崗位描述： 1. 與產品團隊一起定義核心問題，瞭解使用者需求、痛點及找出解決方案；規劃及構思出使用者介面規格與相關檔  2. 繪製產品的wireframe/mockup/prototype/使用者交互體驗流程與團隊快速溝通  3. 根據需求與原型，以UX的角度來提升介面的使用性，以UI實現介面視覺設計，來提升使用者體驗感受  4. 清楚產品的資訊架構，理解Web/iOS/Android Base的使用者開發介面，熟稔各種裝置的解析度、視覺密度、可使用之單位及其互動體驗 5. 專業能力：突破傳統設計理念大膽探索、熟練使用UIUX設計工具Sketch、Photoshop、illustration、office等軟體 6. 參與團隊Scrum的會議與討論，配合每個Sprint時程產出UI畫面 任職要求： 1、負責任、公正客觀、接受任務、挑戰任務、嚴謹穩健、保密意識強、能夠承受較大工作壓力。 2、3年移動用戶端產品設計工作經驗或3年互聯網相關工作經驗，對追求美好的用戶體驗有濃厚興趣。 3、對平臺產品設計及使用者體驗有深入研究。 4、對產品設計，對產品分析、資料分析、競爭分析等有獨到的見解，善於傾聽用戶聲音。 6、要求一定的邏輯性思維、表達能力、溝通能力、組織協調能力。 7、熟悉互聯網或軟體產品的整體實現過程，包括從需求分析到產品發佈。 8、有互聯網產品案例、獨立產品整體設計經驗、產品全生命週期經驗者優先考慮。 9 、熟悉Scrum的開發運作。,多媒體開發主管、多媒體動畫設計師、網頁設計師,待遇面議,台北市大安區忠孝東路四段290號10樓1001室,不拘,未填寫
網路分析員,工作內容 1.	研究，分析特定網路事件 2.	長期追蹤變化並歸納狀況 3.	針對特定變化提出原理及改變建議  需求專長 1.	學歷不拘，進行過專案研究者、團隊協作經驗者尤佳 2.	科系不拘，心理、統計、歷史、經濟、生態等相關科系加分 3.	經歷不拘，有社群媒體、網路分析、google adwords、百度關鍵字操作經驗者尤佳 4.	能力不拘，具備邏輯推演、資料分析能力、學習欲望與能力、表達溝通能力者尤佳 5.	興趣不拘，對歷史變化、懸案推理、經濟與社會脈動、數據分析有興趣者尤佳 6.	讀過或聽過下列書籍、雜誌、網路專欄、電影、影集者（或相關作品）加分 甲、基地三部曲（艾西莫夫）、資治通鑑、編年史（塔西陀）、費瑪最後定理、大     崩壞、西方社會結構的演變、克莉絲汀偵探小說、第五項修練、失序的貨幣、不確定的年代 乙、經濟學人、科學人、轉角國際、國際大風吹 丙、布局、靈異第六感、美麗心靈、心靈捕手、全面啟動、七宗罪、沉默的羔羊、記憶拼圖、隔離島 7.	就算不符合上面任一條件，但有足夠熱情，歡迎來台北聊天,其他專案管理師、市場調查／市場分析、網站行銷企劃,"30,000~42,000元",台北市中山區中山北路2段46號12樓,不拘,未填寫
國立臺北護理健康大學  (產學合作案)碩士或學士級研究助理,產學計畫名稱:  充氣式自動翻身氣墊床之臨床成效探討 工作內容: 文獻搜尋，研究之資料建檔、資料分析；醫院與機構研究收案協調與聯繫 應徵資格：護理、復健、臨床心理學、運動科學或醫學工程等相關學系學士或碩士畢業，熟悉統計軟體操作，有意繼續進修者尤佳  聘期：即日至109年12月31日  ,研究助理、行政人員、其他研究人員,待遇面議,台北市北投區明德路365號,不拘," 1.醫護背景優先 2. 有專案計畫及研究助理經驗者佳。 3. 溝通協調能力佳。 4. 實證文獻搜尋能力。 5. 電腦文書處理能力。 6. 基礎統計軟體操作 7.能搜尋文獻與撰寫結案報告應徵資格：護理、復健、臨床心理學、運動科學或醫學工程等相關學系學士或碩士畢業，熟悉統計軟體操作，有意繼續進修者尤佳  "
C.顧問類-顧問/資深顧問(數據分析平台建置顧問),1.使用流程自動化機器人，設計並執行數據的蒐集2.負責收集數據的清洗、加工、分類等工作3.負責數據模型的規劃並進行數據分析，支持應用端資料介接、分析4.運用數據分析工具，撰寫程式、開發相關平台,顧問人員,待遇面議,台北市信義區基隆路一段333號,不拘,1.大學以上資管、資工學院等相關系所畢業。2.具備C#、Java等程式開發能力。3.具Python、R等語言基礎者尤佳。4.具產業流程經驗者尤佳。5.具演算法、資料分析模型、數據分析實務應用經驗尤佳。
散熱設計工程師(士林),1. Notebook/AIO/Thin Client/Mini-DT 系統之散熱模擬2. 設計整體系統之散熱模組 (CPU/VGA…)3. 系統量測及資料分析/散熱系統控制/問題解決4. 新技術與新材料之研發,熱傳工程師、機械工程師、材料研發人員,待遇面議,台北市士林區後港街66號,Pro/E, 
【顧問部】顧問師 (資訊科技諮詢)-319C,1. 執行資訊管理顧問專案，包括資訊安全、個資保護等。2. 未來職涯發展包括資訊策略規劃、資訊績效改善、資訊服務管理、資訊專案管理、資訊系統驗證、資訊風險管理等。,其他資訊專業人員、顧問人員,待遇面議,台北市信義區信義路五段7號68樓,Excel、Outlook、PowerPoint、Word,1. 對企業資訊作業流程與控制、個資保護、資訊安全等領域有興趣者。2. 對資料分析、應用系統控制等技術之學習有興趣者。3. 對於接觸與了解不同產業知識及業務流程有熱忱者。4. 具備產業相關證照(如：ISO 27001 LA/BS 10012 LA/CISSP/CISA/CISM/CIA/PMP/資訊類或財會類證照)者尤佳5. 具備金融產業、政府機構、大型零售業、電信、醫療、電子商務等產業領域知識者尤佳。6. 具備良好邏輯分析、組織能力、團隊合作、專案管理、溝通技巧及創意特質者。7. 有意願進行工作角色輪調或國際輪調。8. 願意接受密集專業訓練，且抗壓性高者。9. 工作地點：台北101大樓，需配合專案需求出差。10. 無工作經驗可。
客運營業專員,1. 客運銷售通路管理。2. 航空票價策略制定。3. 企業商務、異業合作開發及管理。4. 市場資訊蒐集及分析。,國內業務人員、市場調查／市場分析、通路開發人員,"35,000~45,000元",台北市內湖區南京東路六段382號,Windows 7、Windows 8、Adobe Acrobat、Excel、Internet Explorer、Outlook、PowerPoint、Word,1. 對數字敏感度高，具備數據統計及分析技能。2. 資料蒐集彙整與分析。3. 專案管理、簡報。4. 具備航空公司或旅遊營業經驗者尤佳。   5. 表達能力佳且善於人際溝通。6. 積極正面、具服務熱忱且願意接受挑戰。7. 具備第二外國語能力者佳。
資深行銷專員/行銷專員,1.制訂產品市場行銷策略，明確訂定產品定位與產品TA。 2.針對產品定位，訂定行銷推廣策略方案，包含線上線下廣告、電視媒體、各式活動、異業合作、社群經營等。 3.行銷預算分配與執行。 4.針對行銷執行內容進行數據分析與調整。 5.上市行銷企劃執行與執行後之結案報告。,行銷企劃人員、市場調查／市場分析、廣告文案／企劃,待遇面議,台北市大安區安和路一段29號7樓,Android、iOS、Excel、Outlook、PowerPoint、Word,"1.具手遊行銷企劃工作經驗。2.具大型活動舉辦，數位媒體行銷工作經驗。3.可獨立執行a.企劃提案 b.活動規劃 c.合作洽談 d.文宣品規劃 e.活動推廣 。4.具文案撰寫能力、擅簡報。5.具FACEBOOK/GOOGLE/YOUTUBE操作能力，想法具創意、對各式新知具快速吸收能力。"
行銷專員,1.	各品牌贊助活動合約審核、品牌露出交換協商 2.     行銷專案活動執行 3.	產品條碼申請及管理 4.	國內、外好市多試吃活動相關事宜 5.	協助品牌經理進行市場資訊的蒐集、整理及資料分析 6.	部門零用金管理 7.	重點品牌國內、外市場粉專維護 8.	其他主管交辦事項,行銷企劃助理、業務助理、產品行銷人員,"30,000~32,000元",台北市中正區北平東路30號14樓之1,不拘,"其他條件： 1.	對行銷企劃有熱忱 2.	具中等英文聽說讀寫能力3.	擅長溝通 喜歡團隊合作4.	具備初級美編軟體能力佳5.	有食品產業相關經驗佳"
行政助理,1.樂於接聽/回應/處理客戶來電或來訪之相關行政協助事項。 2.願意協助企業客戶服務顧問處理及執行企業客戶專案活動。 3.可獨當一面至企業客戶辦理/執行企業講座及培訓活動。 4.願意協助執行相關之資料分析與行政作業相關事項。 5.擅服務數據資料產出及專案損益之相關管理活動 6.樂於與外部專業人員/機構溝通與合作 7.願意協助至郵局處理企業郵務相關作業。 8.可操作及管理wordpress 網頁+設計線上調查問卷。,人力資源助理、行政助理、業務助理,"25,000~28,000元",台北市信義區基隆路一段147巷32號1樓,Excel、Internet Explorer、Outlook、PowerPoint、Word、中文打字20~50,"主動積極樂於自我成長,及幫助他人成長"
文字語料研究助理 排班/工讀,此為排班工讀，每週排班總時間至少三個整天（24h）以上為佳。 你可以透過語料標註，接觸自然語言處理以及資料分析的運用內容，適合未來從事相關工作者、非相關領域但想跨界學習者作為入門工作。  1.協助網路輿情資料分類、標籤。 2.協助專案專員執行日常交付事務，例行的文書處理。 3.對文句理解敏銳、熟悉網路用語，時常在PTT、Dcard等各大網路討論區潛水或參與討論。  運用領域為分析產品開發，對資料分析、大數據研究有興趣且有一定的知識概念者會優先考慮。    ,工讀生、文編／校對／文字工作者,,台北市松山區敦化北路214號3​樓​,Excel、PowerPoint、Word," 1.語料標註工作較為單調重複，需要有耐心細心處理瑣碎資料。 2.態度積極、正面。2.理解能理好、懂得舉一反三。3.有行銷概念，對文字敏銳，4.網路使用者，會瀏覽各論壇、PTＴ、社群媒體。(鄉民尤佳)5.需自備筆電"
藝人經紀人,"藝人演藝工作之開創推廣, 藝人溝通聯繫與專案執行:  1.藝人商業合作洽談與執行  2.藝人管理與經營  3.藝人行程安排規劃  4.培訓/有價藝人開發與聯繫 5.其它：對twitch文化、youtube文化對高度興趣",行銷企劃人員、媒體公關／宣傳採買、其他娛樂事業人員,"28,000~40,000元",台北市松山區南京東路3段311號10樓,Excel、Outlook、PowerPoint、Word、中文打字50~75,未填寫
風險管理人員,1.執行風險管理事務(如投資風險、作業風險、風險胃納及風險限額等)。 2.協助風險管理系統規劃。 3.協助主管處理其他風險管理事務。   ,統計精算人員、核保／保險內勤人員,"27,000~39,000元",台北市信義區忠孝東路四段560號5樓,不拘,"1.具備保險、投資及作業風險管理基礎知識。2.具備資料分析處理能力。3.具備Excel、PowerPoint(含簡報能力)及Word能力。4.個性積極主動、邏輯性佳、具備獨立解決問題的能力、溝通與表達能力佳。 "
